Workbook

Sheet How To Use
A1: DW Invitational 2026 · Backup Scoring Sheet
A2: Use this only if the website is down. It follows the same rules as the dashboard.
A4: ENTERING SCORES
A5: 1. | B5: Open the tab for the round: R1 Watson (Thu), R2 Palmer (Fri), or R3 Nicklaus (Sat).
A6: 2. | B6: Type each player’s GROSS score in the yellow boxes, one box per hole. Leave unplayed holes blank.
A7: 3. | B7: Everything else is automatic: strokes, net scores, Mankles points, team best ball, skins and the Leaderboard.
A8: 4. | B8: A score that looks like a typo (0, or more than 3× par) is blocked, same as the website.
A10: WHAT THE COLORS MEAN
A11: Yellow | B11: Type here (scores). Round 3 also has a yellow “Group · Tee” column for the Saturday pairings.
A12: Blue text | B12: Settings you can change: handicaps on the Players tab, skins pot and team place points on the Leaderboard.
A13: Gold square | B13: Birdie or better. Grey square = double bogey or worse.
A14: Grey text | B14: Working math. Don’t type over it.
A16: THE RULES
A17: Strokes | B17: Everyone strokes off the field low handicap (Frank Barta, 8): your handicap − 8, on the hardest holes first.
A18: R1 & R2 | B18: Team best ball: on each hole, add the two lowest net scores of the three teammates. Teams rank 1–5 → 20 / 15 / 10 / 5 / 0 points.
A19: R3 | B19: Singles net: every player’s net total is ranked across the field. 1st = 15 points, down to 15th = 1 point. Points go to the player’s team.
A20: Ties | B20: Teams or players who tie split the points for the places they share.
A21: Mankles | B21: Each round = handicap + points on gross vs par: eagle or better 8, birdie 4, par 2, bogey 1, double 0, triple or worse −1. Ties on the 3-round total go to the most birdies.
A22: Skins | B22: $180 per round. Lowest net on a hole wins the skin outright; ties = no skin, no carry-overs. The pot is split evenly across the skins won.
A23: R3 groups | B23: After Round 2, the lowest Mankles totals tee off first (10:50 group of 3) and the leaders go last (11:20). Check the Leaderboard and type the groups on the R3 tab.
A25: PHONE TIP
A26: Excel app | B26: Works in the free Excel app on iPhone. Save a copy to OneDrive or iCloud before the trip so it opens without the internet.

Sheet Leaderboard
A1: DW Invitational 2026 · Live Standings
A2: Backup scoring sheet · type scores on the R1 / R2 / R3 tabs and this page updates itself
A3: Skins pot per round | B3: 180
A4: Team place points
A5: 1st place | B5: 20
A6: 2nd place | B6: 15
A7: 3rd place | B7: 10
A8: 4th place | B8: 5
A9: 5th place | B9: 0
A11: Team Standings
A12: Pos | B12: Team | C12: R1 | D12: R2 | E12: R3 | F12: Total
A13: =IF(G43+G44+G45+G46+G47=0,"—",1) -> — | B13: =INDEX($A$43:$A$47,MATCH(LARGE($F$43:$F$47,1),$F$43:$F$47,0)) -> Team 2 | C13: =IF(INDEX($B$43:$B$47,MATCH(LARGE($F$43:$F$47,1),$F$43:$F$47,0))="","—",INDEX($B$43:$B$47,MATCH(LARGE($F$43:$F$47,1),$F$43:$F$47,0))) -> — | D13: =IF(INDEX($C$43:$C$47,MATCH(LARGE($F$43:$F$47,1),$F$43:$F$47,0))="","—",INDEX($C$43:$C$47,MATCH(LARGE($F$43:$F$47,1),$F$43:$F$47,0))) -> — | E13: =IF(INDEX($D$43:$D$47,MATCH(LARGE($F$43:$F$47,1),$F$43:$F$47,0))="","—",INDEX($D$43:$D$47,MATCH(LARGE($F$43:$F$47,1),$F$43:$F$47,0))) -> — | F13: =IF(INDEX($G$43:$G$47,MATCH(LARGE($F$43:$F$47,1),$F$43:$F$47,0)),INDEX($E$43:$E$47,MATCH(LARGE($F$43:$F$47,1),$F$43:$F$47,0)),"—") -> —
A14: =IF(G43+G44+G45+G46+G47=0,"—",2) -> — | B14: =INDEX($A$43:$A$47,MATCH(LARGE($F$43:$F$47,2),$F$43:$F$47,0)) -> Skull it and Pray | C14: =IF(INDEX($B$43:$B$47,MATCH(LARGE($F$43:$F$47,2),$F$43:$F$47,0))="","—",INDEX($B$43:$B$47,MATCH(LARGE($F$43:$F$47,2),$F$43:$F$47,0))) -> — | D14: =IF(INDEX($C$43:$C$47,MATCH(LARGE($F$43:$F$47,2),$F$43:$F$47,0))="","—",INDEX($C$43:$C$47,MATCH(LARGE($F$43:$F$47,2),$F$43:$F$47,0))) -> — | E14: =IF(INDEX($D$43:$D$47,MATCH(LARGE($F$43:$F$47,2),$F$43:$F$47,0))="","—",INDEX($D$43:$D$47,MATCH(LARGE($F$43:$F$47,2),$F$43:$F$47,0))) -> — | F14: =IF(INDEX($G$43:$G$47,MATCH(LARGE($F$43:$F$47,2),$F$43:$F$47,0)),INDEX($E$43:$E$47,MATCH(LARGE($F$43:$F$47,2),$F$43:$F$47,0)),"—") -> —
A15: =IF(G43+G44+G45+G46+G47=0,"—",3) -> — | B15: =INDEX($A$43:$A$47,MATCH(LARGE($F$43:$F$47,3),$F$43:$F$47,0)) -> Team 3 | C15: =IF(INDEX($B$43:$B$47,MATCH(LARGE($F$43:$F$47,3),$F$43:$F$47,0))="","—",INDEX($B$43:$B$47,MATCH(LARGE($F$43:$F$47,3),$F$43:$F$47,0))) -> — | D15: =IF(INDEX($C$43:$C$47,MATCH(LARGE($F$43:$F$47,3),$F$43:$F$47,0))="","—",INDEX($C$43:$C$47,MATCH(LARGE($F$43:$F$47,3),$F$43:$F$47,0))) -> — | E15: =IF(INDEX($D$43:$D$47,MATCH(LARGE($F$43:$F$47,3),$F$43:$F$47,0))="","—",INDEX($D$43:$D$47,MATCH(LARGE($F$43:$F$47,3),$F$43:$F$47,0))) -> — | F15: =IF(INDEX($G$43:$G$47,MATCH(LARGE($F$43:$F$47,3),$F$43:$F$47,0)),INDEX($E$43:$E$47,MATCH(LARGE($F$43:$F$47,3),$F$43:$F$47,0)),"—") -> —
A16: =IF(G43+G44+G45+G46+G47=0,"—",4) -> — | B16: =INDEX($A$43:$A$47,MATCH(LARGE($F$43:$F$47,4),$F$43:$F$47,0)) -> Wydom’s Woodies | C16: =IF(INDEX($B$43:$B$47,MATCH(LARGE($F$43:$F$47,4),$F$43:$F$47,0))="","—",INDEX($B$43:$B$47,MATCH(LARGE($F$43:$F$47,4),$F$43:$F$47,0))) -> — | D16: =IF(INDEX($C$43:$C$47,MATCH(LARGE($F$43:$F$47,4),$F$43:$F$47,0))="","—",INDEX($C$43:$C$47,MATCH(LARGE($F$43:$F$47,4),$F$43:$F$47,0))) -> — | E16: =IF(INDEX($D$43:$D$47,MATCH(LARGE($F$43:$F$47,4),$F$43:$F$47,0))="","—",INDEX($D$43:$D$47,MATCH(LARGE($F$43:$F$47,4),$F$43:$F$47,0))) -> — | F16: =IF(INDEX($G$43:$G$47,MATCH(LARGE($F$43:$F$47,4),$F$43:$F$47,0)),INDEX($E$43:$E$47,MATCH(LARGE($F$43:$F$47,4),$F$43:$F$47,0)),"—") -> —
A17: =IF(G43+G44+G45+G46+G47=0,"—",5) -> — | B17: =INDEX($A$43:$A$47,MATCH(LARGE($F$43:$F$47,5),$F$43:$F$47,0)) -> Putting Balls in the Hole | C17: =IF(INDEX($B$43:$B$47,MATCH(LARGE($F$43:$F$47,5),$F$43:$F$47,0))="","—",INDEX($B$43:$B$47,MATCH(LARGE($F$43:$F$47,5),$F$43:$F$47,0))) -> — | D17: =IF(INDEX($C$43:$C$47,MATCH(LARGE($F$43:$F$47,5),$F$43:$F$47,0))="","—",INDEX($C$43:$C$47,MATCH(LARGE($F$43:$F$47,5),$F$43:$F$47,0))) -> — | E17: =IF(INDEX($D$43:$D$47,MATCH(LARGE($F$43:$F$47,5),$F$43:$F$47,0))="","—",INDEX($D$43:$D$47,MATCH(LARGE($F$43:$F$47,5),$F$43:$F$47,0))) -> — | F17: =IF(INDEX($G$43:$G$47,MATCH(LARGE($F$43:$F$47,5),$F$43:$F$47,0)),INDEX($E$43:$E$47,MATCH(LARGE($F$43:$F$47,5),$F$43:$F$47,0)),"—") -> —
A18: R1 & R2: team best ball (2 lowest nets per hole) → 20/15/10/5/0. R3: singles net → 15…1 per player, to their team.
A20: Individual Mankles · handicap + points per round
A21: Pos | B21: Player | C21: Team | D21: Hcp | E21: R1 | F21: R2 | G21: R3 | H21: Total | I21: Birdies+
A22: =IF(SUM($J$52:$J$66)=0,"—",1) -> — | B22: =INDEX($A$52:$A$66,MATCH(LARGE($I$52:$I$66,1),$I$52:$I$66,0)) -> Frank Barta | C22: =INDEX($B$52:$B$66,MATCH(LARGE($I$52:$I$66,1),$I$52:$I$66,0)) -> Team 2 | D22: =INDEX($C$52:$C$66,MATCH(LARGE($I$52:$I$66,1),$I$52:$I$66,0)) -> 8 | E22: =IF(INDEX($D$52:$D$66,MATCH(LARGE($I$52:$I$66,1),$I$52:$I$66,0))="","—",INDEX($D$52:$D$66,MATCH(LARGE($I$52:$I$66,1),$I$52:$I$66,0))) -> — | F22: =IF(INDEX($E$52:$E$66,MATCH(LARGE($I$52:$I$66,1),$I$52:$I$66,0))="","—",INDEX($E$52:$E$66,MATCH(LARGE($I$52:$I$66,1),$I$52:$I$66,0))) -> — | G22: =IF(INDEX($F$52:$F$66,MATCH(LARGE($I$52:$I$66,1),$I$52:$I$66,0))="","—",INDEX($F$52:$F$66,MATCH(LARGE($I$52:$I$66,1),$I$52:$I$66,0))) -> — | H22: =IF(INDEX($J$52:$J$66,MATCH(LARGE($I$52:$I$66,1),$I$52:$I$66,0))=0,"—",INDEX($G$52:$G$66,MATCH(LARGE($I$52:$I$66,1),$I$52:$I$66,0))) -> — | I22: =INDEX($H$52:$H$66,MATCH(LARGE($I$52:$I$66,1),$I$52:$I$66,0)) -> 0
A23: =IF(SUM($J$52:$J$66)=0,"—",2) -> — | B23: =INDEX($A$52:$A$66,MATCH(LARGE($I$52:$I$66,2),$I$52:$I$66,0)) -> Marc Wydom | C23: =INDEX($B$52:$B$66,MATCH(LARGE($I$52:$I$66,2),$I$52:$I$66,0)) -> Team 2 | D23: =INDEX($C$52:$C$66,MATCH(LARGE($I$52:$I$66,2),$I$52:$I$66,0)) -> 16 | E23: =IF(INDEX($D$52:$D$66,MATCH(LARGE($I$52:$I$66,2),$I$52:$I$66,0))="","—",INDEX($D$52:$D$66,MATCH(LARGE($I$52:$I$66,2),$I$52:$I$66,0))) -> — | F23: =IF(INDEX($E$52:$E$66,MATCH(LARGE($I$52:$I$66,2),$I$52:$I$66,0))="","—",INDEX($E$52:$E$66,MATCH(LARGE($I$52:$I$66,2),$I$52:$I$66,0))) -> — | G23: =IF(INDEX($F$52:$F$66,MATCH(LARGE($I$52:$I$66,2),$I$52:$I$66,0))="","—",INDEX($F$52:$F$66,MATCH(LARGE($I$52:$I$66,2),$I$52:$I$66,0))) -> — | H23: =IF(INDEX($J$52:$J$66,MATCH(LARGE($I$52:$I$66,2),$I$52:$I$66,0))=0,"—",INDEX($G$52:$G$66,MATCH(LARGE($I$52:$I$66,2),$I$52:$I$66,0))) -> — | I23: =INDEX($H$52:$H$66,MATCH(LARGE($I$52:$I$66,2),$I$52:$I$66,0)) -> 0
A24: =IF(SUM($J$52:$J$66)=0,"—",3) -> — | B24: =INDEX($A$52:$A$66,MATCH(LARGE($I$52:$I$66,3),$I$52:$I$66,0)) -> Donnie Muller | C24: =INDEX($B$52:$B$66,MATCH(LARGE($I$52:$I$66,3),$I$52:$I$66,0)) -> Team 2 | D24: =INDEX($C$52:$C$66,MATCH(LARGE($I$52:$I$66,3),$I$52:$I$66,0)) -> 19 | E24: =IF(INDEX($D$52:$D$66,MATCH(LARGE($I$52:$I$66,3),$I$52:$I$66,0))="","—",INDEX($D$52:$D$66,MATCH(LARGE($I$52:$I$66,3),$I$52:$I$66,0))) -> — | F24: =IF(INDEX($E$52:$E$66,MATCH(LARGE($I$52:$I$66,3),$I$52:$I$66,0))="","—",INDEX($E$52:$E$66,MATCH(LARGE($I$52:$I$66,3),$I$52:$I$66,0))) -> — | G24: =IF(INDEX($F$52:$F$66,MATCH(LARGE($I$52:$I$66,3),$I$52:$I$66,0))="","—",INDEX($F$52:$F$66,MATCH(LARGE($I$52:$I$66,3),$I$52:$I$66,0))) -> — | H24: =IF(INDEX($J$52:$J$66,MATCH(LARGE($I$52:$I$66,3),$I$52:$I$66,0))=0,"—",INDEX($G$52:$G$66,MATCH(LARGE($I$52:$I$66,3),$I$52:$I$66,0))) -> — | I24: =INDEX($H$52:$H$66,MATCH(LARGE($I$52:$I$66,3),$I$52:$I$66,0)) -> 0
A25: =IF(SUM($J$52:$J$66)=0,"—",4) -> — | B25: =INDEX($A$52:$A$66,MATCH(LARGE($I$52:$I$66,4),$I$52:$I$66,0)) -> Tommy Duncan | C25: =INDEX($B$52:$B$66,MATCH(LARGE($I$52:$I$66,4),$I$52:$I$66,0)) -> Skull it and Pray | D25: =INDEX($C$52:$C$66,MATCH(LARGE($I$52:$I$66,4),$I$52:$I$66,0)) -> 24 | E25: =IF(INDEX($D$52:$D$66,MATCH(LARGE($I$52:$I$66,4),$I$52:$I$66,0))="","—",INDEX($D$52:$D$66,MATCH(LARGE($I$52:$I$66,4),$I$52:$I$66,0))) -> — | F25: =IF(INDEX($E$52:$E$66,MATCH(LARGE($I$52:$I$66,4),$I$52:$I$66,0))="","—",INDEX($E$52:$E$66,MATCH(LARGE($I$52:$I$66,4),$I$52:$I$66,0))) -> — | G25: =IF(INDEX($F$52:$F$66,MATCH(LARGE($I$52:$I$66,4),$I$52:$I$66,0))="","—",INDEX($F$52:$F$66,MATCH(LARGE($I$52:$I$66,4),$I$52:$I$66,0))) -> — | H25: =IF(INDEX($J$52:$J$66,MATCH(LARGE($I$52:$I$66,4),$I$52:$I$66,0))=0,"—",INDEX($G$52:$G$66,MATCH(LARGE($I$52:$I$66,4),$I$52:$I$66,0))) -> — | I25: =INDEX($H$52:$H$66,MATCH(LARGE($I$52:$I$66,4),$I$52:$I$66,0)) -> 0
A26: =IF(SUM($J$52:$J$66)=0,"—",5) -> — | B26: =INDEX($A$52:$A$66,MATCH(LARGE($I$52:$I$66,5),$I$52:$I$66,0)) -> Jason Kimbo | C26: =INDEX($B$52:$B$66,MATCH(LARGE($I$52:$I$66,5),$I$52:$I$66,0)) -> Skull it and Pray | D26: =INDEX($C$52:$C$66,MATCH(LARGE($I$52:$I$66,5),$I$52:$I$66,0)) -> 17 | E26: =IF(INDEX($D$52:$D$66,MATCH(LARGE($I$52:$I$66,5),$I$52:$I$66,0))="","—",INDEX($D$52:$D$66,MATCH(LARGE($I$52:$I$66,5),$I$52:$I$66,0))) -> — | F26: =IF(INDEX($E$52:$E$66,MATCH(LARGE($I$52:$I$66,5),$I$52:$I$66,0))="","—",INDEX($E$52:$E$66,MATCH(LARGE($I$52:$I$66,5),$I$52:$I$66,0))) -> — | G26: =IF(INDEX($F$52:$F$66,MATCH(LARGE($I$52:$I$66,5),$I$52:$I$66,0))="","—",INDEX($F$52:$F$66,MATCH(LARGE($I$52:$I$66,5),$I$52:$I$66,0))) -> — | H26: =IF(INDEX($J$52:$J$66,MATCH(LARGE($I$52:$I$66,5),$I$52:$I$66,0))=0,"—",INDEX($G$52:$G$66,MATCH(LARGE($I$52:$I$66,5),$I$52:$I$66,0))) -> — | I26: =INDEX($H$52:$H$66,MATCH(LARGE($I$52:$I$66,5),$I$52:$I$66,0)) -> 0
A27: =IF(SUM($J$52:$J$66)=0,"—",6) -> — | B27: =INDEX($A$52:$A$66,MATCH(LARGE($I$52:$I$66,6),$I$52:$I$66,0)) -> Spencer Friend | C27: =INDEX($B$52:$B$66,MATCH(LARGE($I$52:$I$66,6),$I$52:$I$66,0)) -> Skull it and Pray | D27: =INDEX($C$52:$C$66,MATCH(LARGE($I$52:$I$66,6),$I$52:$I$66,0)) -> 9 | E27: =IF(INDEX($D$52:$D$66,MATCH(LARGE($I$52:$I$66,6),$I$52:$I$66,0))="","—",INDEX($D$52:$D$66,MATCH(LARGE($I$52:$I$66,6),$I$52:$I$66,0))) -> — | F27: =IF(INDEX($E$52:$E$66,MATCH(LARGE($I$52:$I$66,6),$I$52:$I$66,0))="","—",INDEX($E$52:$E$66,MATCH(LARGE($I$52:$I$66,6),$I$52:$I$66,0))) -> — | G27: =IF(INDEX($F$52:$F$66,MATCH(LARGE($I$52:$I$66,6),$I$52:$I$66,0))="","—",INDEX($F$52:$F$66,MATCH(LARGE($I$52:$I$66,6),$I$52:$I$66,0))) -> — | H27: =IF(INDEX($J$52:$J$66,MATCH(LARGE($I$52:$I$66,6),$I$52:$I$66,0))=0,"—",INDEX($G$52:$G$66,MATCH(LARGE($I$52:$I$66,6),$I$52:$I$66,0))) -> — | I27: =INDEX($H$52:$H$66,MATCH(LARGE($I$52:$I$66,6),$I$52:$I$66,0)) -> 0
A28: =IF(SUM($J$52:$J$66)=0,"—",7) -> — | B28: =INDEX($A$52:$A$66,MATCH(LARGE($I$52:$I$66,7),$I$52:$I$66,0)) -> Ben Young | C28: =INDEX($B$52:$B$66,MATCH(LARGE($I$52:$I$66,7),$I$52:$I$66,0)) -> Team 3 | D28: =INDEX($C$52:$C$66,MATCH(LARGE($I$52:$I$66,7),$I$52:$I$66,0)) -> 18 | E28: =IF(INDEX($D$52:$D$66,MATCH(LARGE($I$52:$I$66,7),$I$52:$I$66,0))="","—",INDEX($D$52:$D$66,MATCH(LARGE($I$52:$I$66,7),$I$52:$I$66,0))) -> — | F28: =IF(INDEX($E$52:$E$66,MATCH(LARGE($I$52:$I$66,7),$I$52:$I$66,0))="","—",INDEX($E$52:$E$66,MATCH(LARGE($I$52:$I$66,7),$I$52:$I$66,0))) -> — | G28: =IF(INDEX($F$52:$F$66,MATCH(LARGE($I$52:$I$66,7),$I$52:$I$66,0))="","—",INDEX($F$52:$F$66,MATCH(LARGE($I$52:$I$66,7),$I$52:$I$66,0))) -> — | H28: =IF(INDEX($J$52:$J$66,MATCH(LARGE($I$52:$I$66,7),$I$52:$I$66,0))=0,"—",INDEX($G$52:$G$66,MATCH(LARGE($I$52:$I$66,7),$I$52:$I$66,0))) -> — | I28: =INDEX($H$52:$H$66,MATCH(LARGE($I$52:$I$66,7),$I$52:$I$66,0)) -> 0
A29: =IF(SUM($J$52:$J$66)=0,"—",8) -> — | B29: =INDEX($A$52:$A$66,MATCH(LARGE($I$52:$I$66,8),$I$52:$I$66,0)) -> Justin Conrad | C29: =INDEX($B$52:$B$66,MATCH(LARGE($I$52:$I$66,8),$I$52:$I$66,0)) -> Team 3 | D29: =INDEX($C$52:$C$66,MATCH(LARGE($I$52:$I$66,8),$I$52:$I$66,0)) -> 30 | E29: =IF(INDEX($D$52:$D$66,MATCH(LARGE($I$52:$I$66,8),$I$52:$I$66,0))="","—",INDEX($D$52:$D$66,MATCH(LARGE($I$52:$I$66,8),$I$52:$I$66,0))) -> — | F29: =IF(INDEX($E$52:$E$66,MATCH(LARGE($I$52:$I$66,8),$I$52:$I$66,0))="","—",INDEX($E$52:$E$66,MATCH(LARGE($I$52:$I$66,8),$I$52:$I$66,0))) -> — | G29: =IF(INDEX($F$52:$F$66,MATCH(LARGE($I$52:$I$66,8),$I$52:$I$66,0))="","—",INDEX($F$52:$F$66,MATCH(LARGE($I$52:$I$66,8),$I$52:$I$66,0))) -> — | H29: =IF(INDEX($J$52:$J$66,MATCH(LARGE($I$52:$I$66,8),$I$52:$I$66,0))=0,"—",INDEX($G$52:$G$66,MATCH(LARGE($I$52:$I$66,8),$I$52:$I$66,0))) -> — | I29: =INDEX($H$52:$H$66,MATCH(LARGE($I$52:$I$66,8),$I$52:$I$66,0)) -> 0
A30: =IF(SUM($J$52:$J$66)=0,"—",9) -> — | B30: =INDEX($A$52:$A$66,MATCH(LARGE($I$52:$I$66,9),$I$52:$I$66,0)) -> Shawn McMaster | C30: =INDEX($B$52:$B$66,MATCH(LARGE($I$52:$I$66,9),$I$52:$I$66,0)) -> Team 3 | D30: =INDEX($C$52:$C$66,MATCH(LARGE($I$52:$I$66,9),$I$52:$I$66,0)) -> 19 | E30: =IF(INDEX($D$52:$D$66,MATCH(LARGE($I$52:$I$66,9),$I$52:$I$66,0))="","—",INDEX($D$52:$D$66,MATCH(LARGE($I$52:$I$66,9),$I$52:$I$66,0))) -> — | F30: =IF(INDEX($E$52:$E$66,MATCH(LARGE($I$52:$I$66,9),$I$52:$I$66,0))="","—",INDEX($E$52:$E$66,MATCH(LARGE($I$52:$I$66,9),$I$52:$I$66,0))) -> — | G30: =IF(INDEX($F$52:$F$66,MATCH(LARGE($I$52:$I$66,9),$I$52:$I$66,0))="","—",INDEX($F$52:$F$66,MATCH(LARGE($I$52:$I$66,9),$I$52:$I$66,0))) -> — | H30: =IF(INDEX($J$52:$J$66,MATCH(LARGE($I$52:$I$66,9),$I$52:$I$66,0))=0,"—",INDEX($G$52:$G$66,MATCH(LARGE($I$52:$I$66,9),$I$52:$I$66,0))) -> — | I30: =INDEX($H$52:$H$66,MATCH(LARGE($I$52:$I$66,9),$I$52:$I$66,0)) -> 0
A31: =IF(SUM($J$52:$J$66)=0,"—",10) -> — | B31: =INDEX($A$52:$A$66,MATCH(LARGE($I$52:$I$66,10),$I$52:$I$66,0)) -> Ian Dempsey | C31: =INDEX($B$52:$B$66,MATCH(LARGE($I$52:$I$66,10),$I$52:$I$66,0)) -> Wydom’s Woodies | D31: =INDEX($C$52:$C$66,MATCH(LARGE($I$52:$I$66,10),$I$52:$I$66,0)) -> 21 | E31: =IF(INDEX($D$52:$D$66,MATCH(LARGE($I$52:$I$66,10),$I$52:$I$66,0))="","—",INDEX($D$52:$D$66,MATCH(LARGE($I$52:$I$66,10),$I$52:$I$66,0))) -> — | F31: =IF(INDEX($E$52:$E$66,MATCH(LARGE($I$52:$I$66,10),$I$52:$I$66,0))="","—",INDEX($E$52:$E$66,MATCH(LARGE($I$52:$I$66,10),$I$52:$I$66,0))) -> — | G31: =IF(INDEX($F$52:$F$66,MATCH(LARGE($I$52:$I$66,10),$I$52:$I$66,0))="","—",INDEX($F$52:$F$66,MATCH(LARGE($I$52:$I$66,10),$I$52:$I$66,0))) -> — | H31: =IF(INDEX($J$52:$J$66,MATCH(LARGE($I$52:$I$66,10),$I$52:$I$66,0))=0,"—",INDEX($G$52:$G$66,MATCH(LARGE($I$52:$I$66,10),$I$52:$I$66,0))) -> — | I31: =INDEX($H$52:$H$66,MATCH(LARGE($I$52:$I$66,10),$I$52:$I$66,0)) -> 0
A32: =IF(SUM($J$52:$J$66)=0,"—",11) -> — | B32: =INDEX($A$52:$A$66,MATCH(LARGE($I$52:$I$66,11),$I$52:$I$66,0)) -> Nick Roy | C32: =INDEX($B$52:$B$66,MATCH(LARGE($I$52:$I$66,11),$I$52:$I$66,0)) -> Wydom’s Woodies | D32: =INDEX($C$52:$C$66,MATCH(LARGE($I$52:$I$66,11),$I$52:$I$66,0)) -> 21 | E32: =IF(INDEX($D$52:$D$66,MATCH(LARGE($I$52:$I$66,11),$I$52:$I$66,0))="","—",INDEX($D$52:$D$66,MATCH(LARGE($I$52:$I$66,11),$I$52:$I$66,0))) -> — | F32: =IF(INDEX($E$52:$E$66,MATCH(LARGE($I$52:$I$66,11),$I$52:$I$66,0))="","—",INDEX($E$52:$E$66,MATCH(LARGE($I$52:$I$66,11),$I$52:$I$66,0))) -> — | G32: =IF(INDEX($F$52:$F$66,MATCH(LARGE($I$52:$I$66,11),$I$52:$I$66,0))="","—",INDEX($F$52:$F$66,MATCH(LARGE($I$52:$I$66,11),$I$52:$I$66,0))) -> — | H32: =IF(INDEX($J$52:$J$66,MATCH(LARGE($I$52:$I$66,11),$I$52:$I$66,0))=0,"—",INDEX($G$52:$G$66,MATCH(LARGE($I$52:$I$66,11),$I$52:$I$66,0))) -> — | I32: =INDEX($H$52:$H$66,MATCH(LARGE($I$52:$I$66,11),$I$52:$I$66,0)) -> 0
A33: =IF(SUM($J$52:$J$66)=0,"—",12) -> — | B33: =INDEX($A$52:$A$66,MATCH(LARGE($I$52:$I$66,12),$I$52:$I$66,0)) -> Henry Holst | C33: =INDEX($B$52:$B$66,MATCH(LARGE($I$52:$I$66,12),$I$52:$I$66,0)) -> Wydom’s Woodies | D33: =INDEX($C$52:$C$66,MATCH(LARGE($I$52:$I$66,12),$I$52:$I$66,0)) -> 19 | E33: =IF(INDEX($D$52:$D$66,MATCH(LARGE($I$52:$I$66,12),$I$52:$I$66,0))="","—",INDEX($D$52:$D$66,MATCH(LARGE($I$52:$I$66,12),$I$52:$I$66,0))) -> — | F33: =IF(INDEX($E$52:$E$66,MATCH(LARGE($I$52:$I$66,12),$I$52:$I$66,0))="","—",INDEX($E$52:$E$66,MATCH(LARGE($I$52:$I$66,12),$I$52:$I$66,0))) -> — | G33: =IF(INDEX($F$52:$F$66,MATCH(LARGE($I$52:$I$66,12),$I$52:$I$66,0))="","—",INDEX($F$52:$F$66,MATCH(LARGE($I$52:$I$66,12),$I$52:$I$66,0))) -> — | H33: =IF(INDEX($J$52:$J$66,MATCH(LARGE($I$52:$I$66,12),$I$52:$I$66,0))=0,"—",INDEX($G$52:$G$66,MATCH(LARGE($I$52:$I$66,12),$I$52:$I$66,0))) -> — | I33: =INDEX($H$52:$H$66,MATCH(LARGE($I$52:$I$66,12),$I$52:$I$66,0)) -> 0
A34: =IF(SUM($J$52:$J$66)=0,"—",13) -> — | B34: =INDEX($A$52:$A$66,MATCH(LARGE($I$52:$I$66,13),$I$52:$I$66,0)) -> Chad Stone | C34: =INDEX($B$52:$B$66,MATCH(LARGE($I$52:$I$66,13),$I$52:$I$66,0)) -> Putting Balls in the Hole | D34: =INDEX($C$52:$C$66,MATCH(LARGE($I$52:$I$66,13),$I$52:$I$66,0)) -> 23 | E34: =IF(INDEX($D$52:$D$66,MATCH(LARGE($I$52:$I$66,13),$I$52:$I$66,0))="","—",INDEX($D$52:$D$66,MATCH(LARGE($I$52:$I$66,13),$I$52:$I$66,0))) -> — | F34: =IF(INDEX($E$52:$E$66,MATCH(LARGE($I$52:$I$66,13),$I$52:$I$66,0))="","—",INDEX($E$52:$E$66,MATCH(LARGE($I$52:$I$66,13),$I$52:$I$66,0))) -> — | G34: =IF(INDEX($F$52:$F$66,MATCH(LARGE($I$52:$I$66,13),$I$52:$I$66,0))="","—",INDEX($F$52:$F$66,MATCH(LARGE($I$52:$I$66,13),$I$52:$I$66,0))) -> — | H34: =IF(INDEX($J$52:$J$66,MATCH(LARGE($I$52:$I$66,13),$I$52:$I$66,0))=0,"—",INDEX($G$52:$G$66,MATCH(LARGE($I$52:$I$66,13),$I$52:$I$66,0))) -> — | I34: =INDEX($H$52:$H$66,MATCH(LARGE($I$52:$I$66,13),$I$52:$I$66,0)) -> 0
A35: =IF(SUM($J$52:$J$66)=0,"—",14) -> — | B35: =INDEX($A$52:$A$66,MATCH(LARGE($I$52:$I$66,14),$I$52:$I$66,0)) -> Tom Devine | C35: =INDEX($B$52:$B$66,MATCH(LARGE($I$52:$I$66,14),$I$52:$I$66,0)) -> Putting Balls in the Hole | D35: =INDEX($C$52:$C$66,MATCH(LARGE($I$52:$I$66,14),$I$52:$I$66,0)) -> 17 | E35: =IF(INDEX($D$52:$D$66,MATCH(LARGE($I$52:$I$66,14),$I$52:$I$66,0))="","—",INDEX($D$52:$D$66,MATCH(LARGE($I$52:$I$66,14),$I$52:$I$66,0))) -> — | F35: =IF(INDEX($E$52:$E$66,MATCH(LARGE($I$52:$I$66,14),$I$52:$I$66,0))="","—",INDEX($E$52:$E$66,MATCH(LARGE($I$52:$I$66,14),$I$52:$I$66,0))) -> — | G35: =IF(INDEX($F$52:$F$66,MATCH(LARGE($I$52:$I$66,14),$I$52:$I$66,0))="","—",INDEX($F$52:$F$66,MATCH(LARGE($I$52:$I$66,14),$I$52:$I$66,0))) -> — | H35: =IF(INDEX($J$52:$J$66,MATCH(LARGE($I$52:$I$66,14),$I$52:$I$66,0))=0,"—",INDEX($G$52:$G$66,MATCH(LARGE($I$52:$I$66,14),$I$52:$I$66,0))) -> — | I35: =INDEX($H$52:$H$66,MATCH(LARGE($I$52:$I$66,14),$I$52:$I$66,0)) -> 0
A36: =IF(SUM($J$52:$J$66)=0,"—",15) -> — | B36: =INDEX($A$52:$A$66,MATCH(LARGE($I$52:$I$66,15),$I$52:$I$66,0)) -> Mike Warenda | C36: =INDEX($B$52:$B$66,MATCH(LARGE($I$52:$I$66,15),$I$52:$I$66,0)) -> Putting Balls in the Hole | D36: =INDEX($C$52:$C$66,MATCH(LARGE($I$52:$I$66,15),$I$52:$I$66,0)) -> 21 | E36: =IF(INDEX($D$52:$D$66,MATCH(LARGE($I$52:$I$66,15),$I$52:$I$66,0))="","—",INDEX($D$52:$D$66,MATCH(LARGE($I$52:$I$66,15),$I$52:$I$66,0))) -> — | F36: =IF(INDEX($E$52:$E$66,MATCH(LARGE($I$52:$I$66,15),$I$52:$I$66,0))="","—",INDEX($E$52:$E$66,MATCH(LARGE($I$52:$I$66,15),$I$52:$I$66,0))) -> — | G36: =IF(INDEX($F$52:$F$66,MATCH(LARGE($I$52:$I$66,15),$I$52:$I$66,0))="","—",INDEX($F$52:$F$66,MATCH(LARGE($I$52:$I$66,15),$I$52:$I$66,0))) -> — | H36: =IF(INDEX($J$52:$J$66,MATCH(LARGE($I$52:$I$66,15),$I$52:$I$66,0))=0,"—",INDEX($G$52:$G$66,MATCH(LARGE($I$52:$I$66,15),$I$52:$I$66,0))) -> — | I36: =INDEX($H$52:$H$66,MATCH(LARGE($I$52:$I$66,15),$I$52:$I$66,0)) -> 0
A37: Each round = handicap + Mankles points. Ties on total go to the most birdies (or better) across all rounds.
A39: — Working rows below feed the tables above. Don’t type here. —
A41: Team totals (working rows — the sorted table is above)
A42: Team | B42: R1 | C42: R2 | D42: R3 | E42: Total | F42: Sort key | G42: Any round done
A43: =Players!$F$5 -> Team 2 | B43: ='R1 Watson'!Z83 | C43: ='R2 Palmer'!Z83 | D43: =IF(COUNTIFS('R3 Nicklaus'!$B$8:$B$22,A43,'R3 Nicklaus'!$AE$8:$AE$22,">=0")=0,"",SUMIF('R3 Nicklaus'!$B$8:$B$22,A43,'R3 Nicklaus'!$AE$8:$AE$22)) | E43: =SUM(B43:D43) -> 0 | F43: =E43+(10-0)/1000 -> 0.01 | G43: =COUNT(B43:D43)>0 -> FALSE
A44: =Players!$F$6 -> Skull it and Pray | B44: ='R1 Watson'!Z84 | C44: ='R2 Palmer'!Z84 | D44: =IF(COUNTIFS('R3 Nicklaus'!$B$8:$B$22,A44,'R3 Nicklaus'!$AE$8:$AE$22,">=0")=0,"",SUMIF('R3 Nicklaus'!$B$8:$B$22,A44,'R3 Nicklaus'!$AE$8:$AE$22)) | E44: =SUM(B44:D44) -> 0 | F44: =E44+(10-1)/1000 -> 0.009 | G44: =COUNT(B44:D44)>0 -> FALSE
A45: =Players!$F$7 -> Team 3 | B45: ='R1 Watson'!Z85 | C45: ='R2 Palmer'!Z85 | D45: =IF(COUNTIFS('R3 Nicklaus'!$B$8:$B$22,A45,'R3 Nicklaus'!$AE$8:$AE$22,">=0")=0,"",SUMIF('R3 Nicklaus'!$B$8:$B$22,A45,'R3 Nicklaus'!$AE$8:$AE$22)) | E45: =SUM(B45:D45) -> 0 | F45: =E45+(10-2)/1000 -> 0.008 | G45: =COUNT(B45:D45)>0 -> FALSE
A46: =Players!$F$8 -> Wydom’s Woodies | B46: ='R1 Watson'!Z86 | C46: ='R2 Palmer'!Z86 | D46: =IF(COUNTIFS('R3 Nicklaus'!$B$8:$B$22,A46,'R3 Nicklaus'!$AE$8:$AE$22,">=0")=0,"",SUMIF('R3 Nicklaus'!$B$8:$B$22,A46,'R3 Nicklaus'!$AE$8:$AE$22)) | E46: =SUM(B46:D46) -> 0 | F46: =E46+(10-3)/1000 -> 0.007 | G46: =COUNT(B46:D46)>0 -> FALSE
A47: =Players!$F$9 -> Putting Balls in the Hole | B47: ='R1 Watson'!Z87 | C47: ='R2 Palmer'!Z87 | D47: =IF(COUNTIFS('R3 Nicklaus'!$B$8:$B$22,A47,'R3 Nicklaus'!$AE$8:$AE$22,">=0")=0,"",SUMIF('R3 Nicklaus'!$B$8:$B$22,A47,'R3 Nicklaus'!$AE$8:$AE$22)) | E47: =SUM(B47:D47) -> 0 | F47: =E47+(10-4)/1000 -> 0.006 | G47: =COUNT(B47:D47)>0 -> FALSE
A50: Mankles totals (working rows)
A51: Player | B51: Team | C51: Hcp | D51: R1 | E51: R2 | F51: R3 | G51: Total | H51: Birdies+ | I51: Sort key | J51: Rounds played
A52: =Players!$A$5 -> Frank Barta | B52: =Players!$B$5 -> Team 2 | C52: =Players!$C$5 -> 8 | D52: ='R1 Watson'!AB8 | E52: ='R2 Palmer'!AB8 | F52: ='R3 Nicklaus'!AB8 | G52: =SUM(D52:F52) -> 0 | H52: ='R1 Watson'!AC8+'R2 Palmer'!AC8+'R3 Nicklaus'!AC8 -> 0 | I52: =G52*100+H52+(20-0)/1000 -> 0.02 | J52: =COUNT(D52:F52) -> 0
A53: =Players!$A$6 -> Marc Wydom | B53: =Players!$B$6 -> Team 2 | C53: =Players!$C$6 -> 16 | D53: ='R1 Watson'!AB9 | E53: ='R2 Palmer'!AB9 | F53: ='R3 Nicklaus'!AB9 | G53: =SUM(D53:F53) -> 0 | H53: ='R1 Watson'!AC9+'R2 Palmer'!AC9+'R3 Nicklaus'!AC9 -> 0 | I53: =G53*100+H53+(20-1)/1000 -> 0.019 | J53: =COUNT(D53:F53) -> 0
A54: =Players!$A$7 -> Donnie Muller | B54: =Players!$B$7 -> Team 2 | C54: =Players!$C$7 -> 19 | D54: ='R1 Watson'!AB10 | E54: ='R2 Palmer'!AB10 | F54: ='R3 Nicklaus'!AB10 | G54: =SUM(D54:F54) -> 0 | H54: ='R1 Watson'!AC10+'R2 Palmer'!AC10+'R3 Nicklaus'!AC10 -> 0 | I54: =G54*100+H54+(20-2)/1000 -> 0.018 | J54: =COUNT(D54:F54) -> 0
A55: =Players!$A$8 -> Tommy Duncan | B55: =Players!$B$8 -> Skull it and Pray | C55: =Players!$C$8 -> 24 | D55: ='R1 Watson'!AB11 | E55: ='R2 Palmer'!AB11 | F55: ='R3 Nicklaus'!AB11 | G55: =SUM(D55:F55) -> 0 | H55: ='R1 Watson'!AC11+'R2 Palmer'!AC11+'R3 Nicklaus'!AC11 -> 0 | I55: =G55*100+H55+(20-3)/1000 -> 0.017 | J55: =COUNT(D55:F55) -> 0
A56: =Players!$A$9 -> Jason Kimbo | B56: =Players!$B$9 -> Skull it and Pray | C56: =Players!$C$9 -> 17 | D56: ='R1 Watson'!AB12 | E56: ='R2 Palmer'!AB12 | F56: ='R3 Nicklaus'!AB12 | G56: =SUM(D56:F56) -> 0 | H56: ='R1 Watson'!AC12+'R2 Palmer'!AC12+'R3 Nicklaus'!AC12 -> 0 | I56: =G56*100+H56+(20-4)/1000 -> 0.016 | J56: =COUNT(D56:F56) -> 0
A57: =Players!$A$10 -> Spencer Friend | B57: =Players!$B$10 -> Skull it and Pray | C57: =Players!$C$10 -> 9 | D57: ='R1 Watson'!AB13 | E57: ='R2 Palmer'!AB13 | F57: ='R3 Nicklaus'!AB13 | G57: =SUM(D57:F57) -> 0 | H57: ='R1 Watson'!AC13+'R2 Palmer'!AC13+'R3 Nicklaus'!AC13 -> 0 | I57: =G57*100+H57+(20-5)/1000 -> 0.015 | J57: =COUNT(D57:F57) -> 0
A58: =Players!$A$11 -> Ben Young | B58: =Players!$B$11 -> Team 3 | C58: =Players!$C$11 -> 18 | D58: ='R1 Watson'!AB14 | E58: ='R2 Palmer'!AB14 | F58: ='R3 Nicklaus'!AB14 | G58: =SUM(D58:F58) -> 0 | H58: ='R1 Watson'!AC14+'R2 Palmer'!AC14+'R3 Nicklaus'!AC14 -> 0 | I58: =G58*100+H58+(20-6)/1000 -> 0.014 | J58: =COUNT(D58:F58) -> 0
A59: =Players!$A$12 -> Justin Conrad | B59: =Players!$B$12 -> Team 3 | C59: =Players!$C$12 -> 30 | D59: ='R1 Watson'!AB15 | E59: ='R2 Palmer'!AB15 | F59: ='R3 Nicklaus'!AB15 | G59: =SUM(D59:F59) -> 0 | H59: ='R1 Watson'!AC15+'R2 Palmer'!AC15+'R3 Nicklaus'!AC15 -> 0 | I59: =G59*100+H59+(20-7)/1000 -> 0.013 | J59: =COUNT(D59:F59) -> 0
A60: =Players!$A$13 -> Shawn McMaster | B60: =Players!$B$13 -> Team 3 | C60: =Players!$C$13 -> 19 | D60: ='R1 Watson'!AB16 | E60: ='R2 Palmer'!AB16 | F60: ='R3 Nicklaus'!AB16 | G60: =SUM(D60:F60) -> 0 | H60: ='R1 Watson'!AC16+'R2 Palmer'!AC16+'R3 Nicklaus'!AC16 -> 0 | I60: =G60*100+H60+(20-8)/1000 -> 0.012 | J60: =COUNT(D60:F60) -> 0
A61: =Players!$A$14 -> Ian Dempsey | B61: =Players!$B$14 -> Wydom’s Woodies | C61: =Players!$C$14 -> 21 | D61: ='R1 Watson'!AB17 | E61: ='R2 Palmer'!AB17 | F61: ='R3 Nicklaus'!AB17 | G61: =SUM(D61:F61) -> 0 | H61: ='R1 Watson'!AC17+'R2 Palmer'!AC17+'R3 Nicklaus'!AC17 -> 0 | I61: =G61*100+H61+(20-9)/1000 -> 0.011 | J61: =COUNT(D61:F61) -> 0
A62: =Players!$A$15 -> Nick Roy | B62: =Players!$B$15 -> Wydom’s Woodies | C62: =Players!$C$15 -> 21 | D62: ='R1 Watson'!AB18 | E62: ='R2 Palmer'!AB18 | F62: ='R3 Nicklaus'!AB18 | G62: =SUM(D62:F62) -> 0 | H62: ='R1 Watson'!AC18+'R2 Palmer'!AC18+'R3 Nicklaus'!AC18 -> 0 | I62: =G62*100+H62+(20-10)/1000 -> 0.01 | J62: =COUNT(D62:F62) -> 0
A63: =Players!$A$16 -> Henry Holst | B63: =Players!$B$16 -> Wydom’s Woodies | C63: =Players!$C$16 -> 19 | D63: ='R1 Watson'!AB19 | E63: ='R2 Palmer'!AB19 | F63: ='R3 Nicklaus'!AB19 | G63: =SUM(D63:F63) -> 0 | H63: ='R1 Watson'!AC19+'R2 Palmer'!AC19+'R3 Nicklaus'!AC19 -> 0 | I63: =G63*100+H63+(20-11)/1000 -> 0.009 | J63: =COUNT(D63:F63) -> 0
A64: =Players!$A$17 -> Chad Stone | B64: =Players!$B$17 -> Putting Balls in the Hole | C64: =Players!$C$17 -> 23 | D64: ='R1 Watson'!AB20 | E64: ='R2 Palmer'!AB20 | F64: ='R3 Nicklaus'!AB20 | G64: =SUM(D64:F64) -> 0 | H64: ='R1 Watson'!AC20+'R2 Palmer'!AC20+'R3 Nicklaus'!AC20 -> 0 | I64: =G64*100+H64+(20-12)/1000 -> 0.008 | J64: =COUNT(D64:F64) -> 0
A65: =Players!$A$18 -> Tom Devine | B65: =Players!$B$18 -> Putting Balls in the Hole | C65: =Players!$C$18 -> 17 | D65: ='R1 Watson'!AB21 | E65: ='R2 Palmer'!AB21 | F65: ='R3 Nicklaus'!AB21 | G65: =SUM(D65:F65) -> 0 | H65: ='R1 Watson'!AC21+'R2 Palmer'!AC21+'R3 Nicklaus'!AC21 -> 0 | I65: =G65*100+H65+(20-13)/1000 -> 0.007 | J65: =COUNT(D65:F65) -> 0
A66: =Players!$A$19 -> Mike Warenda | B66: =Players!$B$19 -> Putting Balls in the Hole | C66: =Players!$C$19 -> 21 | D66: ='R1 Watson'!AB22 | E66: ='R2 Palmer'!AB22 | F66: ='R3 Nicklaus'!AB22 | G66: =SUM(D66:F66) -> 0 | H66: ='R1 Watson'!AC22+'R2 Palmer'!AC22+'R3 Nicklaus'!AC22 -> 0 | I66: =G66*100+H66+(20-14)/1000 -> 0.006 | J66: =COUNT(D66:F66) -> 0

Sheet Skins
A1: Skins · $180 per round
A2: Lowest net score on a hole wins it outright · ties = no skin · no carry-overs · pot split across skins won
A4: Player | B4: R1 skins | C4: R1 $ | D4: R2 skins | E4: R2 $ | F4: R3 skins | G4: R3 $ | H4: Total skins | I4: Total $
A5: =Players!$A$5 -> Frank Barta | B5: =COUNTIF('R1 Watson'!$F$24:$W$24,A5) -> 0 | C5: =B5*'R1 Watson'!$I$25 -> 0 | D5: =COUNTIF('R2 Palmer'!$F$24:$W$24,A5) -> 0 | E5: =D5*'R2 Palmer'!$I$25 -> 0 | F5: =COUNTIF('R3 Nicklaus'!$F$24:$W$24,A5) -> 0 | G5: =F5*'R3 Nicklaus'!$I$25 -> 0 | H5: =B5+D5+F5 -> 0 | I5: =C5+E5+G5 -> 0
A6: =Players!$A$6 -> Marc Wydom | B6: =COUNTIF('R1 Watson'!$F$24:$W$24,A6) -> 0 | C6: =B6*'R1 Watson'!$I$25 -> 0 | D6: =COUNTIF('R2 Palmer'!$F$24:$W$24,A6) -> 0 | E6: =D6*'R2 Palmer'!$I$25 -> 0 | F6: =COUNTIF('R3 Nicklaus'!$F$24:$W$24,A6) -> 0 | G6: =F6*'R3 Nicklaus'!$I$25 -> 0 | H6: =B6+D6+F6 -> 0 | I6: =C6+E6+G6 -> 0
A7: =Players!$A$7 -> Donnie Muller | B7: =COUNTIF('R1 Watson'!$F$24:$W$24,A7) -> 0 | C7: =B7*'R1 Watson'!$I$25 -> 0 | D7: =COUNTIF('R2 Palmer'!$F$24:$W$24,A7) -> 0 | E7: =D7*'R2 Palmer'!$I$25 -> 0 | F7: =COUNTIF('R3 Nicklaus'!$F$24:$W$24,A7) -> 0 | G7: =F7*'R3 Nicklaus'!$I$25 -> 0 | H7: =B7+D7+F7 -> 0 | I7: =C7+E7+G7 -> 0
A8: =Players!$A$8 -> Tommy Duncan | B8: =COUNTIF('R1 Watson'!$F$24:$W$24,A8) -> 0 | C8: =B8*'R1 Watson'!$I$25 -> 0 | D8: =COUNTIF('R2 Palmer'!$F$24:$W$24,A8) -> 0 | E8: =D8*'R2 Palmer'!$I$25 -> 0 | F8: =COUNTIF('R3 Nicklaus'!$F$24:$W$24,A8) -> 0 | G8: =F8*'R3 Nicklaus'!$I$25 -> 0 | H8: =B8+D8+F8 -> 0 | I8: =C8+E8+G8 -> 0
A9: =Players!$A$9 -> Jason Kimbo | B9: =COUNTIF('R1 Watson'!$F$24:$W$24,A9) -> 0 | C9: =B9*'R1 Watson'!$I$25 -> 0 | D9: =COUNTIF('R2 Palmer'!$F$24:$W$24,A9) -> 0 | E9: =D9*'R2 Palmer'!$I$25 -> 0 | F9: =COUNTIF('R3 Nicklaus'!$F$24:$W$24,A9) -> 0 | G9: =F9*'R3 Nicklaus'!$I$25 -> 0 | H9: =B9+D9+F9 -> 0 | I9: =C9+E9+G9 -> 0
A10: =Players!$A$10 -> Spencer Friend | B10: =COUNTIF('R1 Watson'!$F$24:$W$24,A10) -> 0 | C10: =B10*'R1 Watson'!$I$25 -> 0 | D10: =COUNTIF('R2 Palmer'!$F$24:$W$24,A10) -> 0 | E10: =D10*'R2 Palmer'!$I$25 -> 0 | F10: =COUNTIF('R3 Nicklaus'!$F$24:$W$24,A10) -> 0 | G10: =F10*'R3 Nicklaus'!$I$25 -> 0 | H10: =B10+D10+F10 -> 0 | I10: =C10+E10+G10 -> 0
A11: =Players!$A$11 -> Ben Young | B11: =COUNTIF('R1 Watson'!$F$24:$W$24,A11) -> 0 | C11: =B11*'R1 Watson'!$I$25 -> 0 | D11: =COUNTIF('R2 Palmer'!$F$24:$W$24,A11) -> 0 | E11: =D11*'R2 Palmer'!$I$25 -> 0 | F11: =COUNTIF('R3 Nicklaus'!$F$24:$W$24,A11) -> 0 | G11: =F11*'R3 Nicklaus'!$I$25 -> 0 | H11: =B11+D11+F11 -> 0 | I11: =C11+E11+G11 -> 0
A12: =Players!$A$12 -> Justin Conrad | B12: =COUNTIF('R1 Watson'!$F$24:$W$24,A12) -> 0 | C12: =B12*'R1 Watson'!$I$25 -> 0 | D12: =COUNTIF('R2 Palmer'!$F$24:$W$24,A12) -> 0 | E12: =D12*'R2 Palmer'!$I$25 -> 0 | F12: =COUNTIF('R3 Nicklaus'!$F$24:$W$24,A12) -> 0 | G12: =F12*'R3 Nicklaus'!$I$25 -> 0 | H12: =B12+D12+F12 -> 0 | I12: =C12+E12+G12 -> 0
A13: =Players!$A$13 -> Shawn McMaster | B13: =COUNTIF('R1 Watson'!$F$24:$W$24,A13) -> 0 | C13: =B13*'R1 Watson'!$I$25 -> 0 | D13: =COUNTIF('R2 Palmer'!$F$24:$W$24,A13) -> 0 | E13: =D13*'R2 Palmer'!$I$25 -> 0 | F13: =COUNTIF('R3 Nicklaus'!$F$24:$W$24,A13) -> 0 | G13: =F13*'R3 Nicklaus'!$I$25 -> 0 | H13: =B13+D13+F13 -> 0 | I13: =C13+E13+G13 -> 0
A14: =Players!$A$14 -> Ian Dempsey | B14: =COUNTIF('R1 Watson'!$F$24:$W$24,A14) -> 0 | C14: =B14*'R1 Watson'!$I$25 -> 0 | D14: =COUNTIF('R2 Palmer'!$F$24:$W$24,A14) -> 0 | E14: =D14*'R2 Palmer'!$I$25 -> 0 | F14: =COUNTIF('R3 Nicklaus'!$F$24:$W$24,A14) -> 0 | G14: =F14*'R3 Nicklaus'!$I$25 -> 0 | H14: =B14+D14+F14 -> 0 | I14: =C14+E14+G14 -> 0
A15: =Players!$A$15 -> Nick Roy | B15: =COUNTIF('R1 Watson'!$F$24:$W$24,A15) -> 0 | C15: =B15*'R1 Watson'!$I$25 -> 0 | D15: =COUNTIF('R2 Palmer'!$F$24:$W$24,A15) -> 0 | E15: =D15*'R2 Palmer'!$I$25 -> 0 | F15: =COUNTIF('R3 Nicklaus'!$F$24:$W$24,A15) -> 0 | G15: =F15*'R3 Nicklaus'!$I$25 -> 0 | H15: =B15+D15+F15 -> 0 | I15: =C15+E15+G15 -> 0
A16: =Players!$A$16 -> Henry Holst | B16: =COUNTIF('R1 Watson'!$F$24:$W$24,A16) -> 0 | C16: =B16*'R1 Watson'!$I$25 -> 0 | D16: =COUNTIF('R2 Palmer'!$F$24:$W$24,A16) -> 0 | E16: =D16*'R2 Palmer'!$I$25 -> 0 | F16: =COUNTIF('R3 Nicklaus'!$F$24:$W$24,A16) -> 0 | G16: =F16*'R3 Nicklaus'!$I$25 -> 0 | H16: =B16+D16+F16 -> 0 | I16: =C16+E16+G16 -> 0
A17: =Players!$A$17 -> Chad Stone | B17: =COUNTIF('R1 Watson'!$F$24:$W$24,A17) -> 0 | C17: =B17*'R1 Watson'!$I$25 -> 0 | D17: =COUNTIF('R2 Palmer'!$F$24:$W$24,A17) -> 0 | E17: =D17*'R2 Palmer'!$I$25 -> 0 | F17: =COUNTIF('R3 Nicklaus'!$F$24:$W$24,A17) -> 0 | G17: =F17*'R3 Nicklaus'!$I$25 -> 0 | H17: =B17+D17+F17 -> 0 | I17: =C17+E17+G17 -> 0
A18: =Players!$A$18 -> Tom Devine | B18: =COUNTIF('R1 Watson'!$F$24:$W$24,A18) -> 0 | C18: =B18*'R1 Watson'!$I$25 -> 0 | D18: =COUNTIF('R2 Palmer'!$F$24:$W$24,A18) -> 0 | E18: =D18*'R2 Palmer'!$I$25 -> 0 | F18: =COUNTIF('R3 Nicklaus'!$F$24:$W$24,A18) -> 0 | G18: =F18*'R3 Nicklaus'!$I$25 -> 0 | H18: =B18+D18+F18 -> 0 | I18: =C18+E18+G18 -> 0
A19: =Players!$A$19 -> Mike Warenda | B19: =COUNTIF('R1 Watson'!$F$24:$W$24,A19) -> 0 | C19: =B19*'R1 Watson'!$I$25 -> 0 | D19: =COUNTIF('R2 Palmer'!$F$24:$W$24,A19) -> 0 | E19: =D19*'R2 Palmer'!$I$25 -> 0 | F19: =COUNTIF('R3 Nicklaus'!$F$24:$W$24,A19) -> 0 | G19: =F19*'R3 Nicklaus'!$I$25 -> 0 | H19: =B19+D19+F19 -> 0 | I19: =C19+E19+G19 -> 0
A20: Total | B20: =SUM(B5:B19) -> 0 | C20: =SUM(C5:C19) -> 0 | D20: =SUM(D5:D19) -> 0 | E20: =SUM(E5:E19) -> 0 | F20: =SUM(F5:F19) -> 0 | G20: =SUM(G5:G19) -> 0 | H20: =SUM(H5:H19) -> 0 | I20: =SUM(I5:I19) -> 0
A22: A hole only counts once all 15 players have a score on it. Hole-by-hole winners are under each scorecard on the R1 / R2 / R3 tabs.

Sheet R1 Watson
A1: Round I · Tom Watson — Scorecard
A2: Thursday, Nov 5 · Tom Watson · Gold/Blue combo · 71.7/131 tees · par 72
E4: Hole | F4: 1 | G4: 2 | H4: 3 | I4: 4 | J4: 5 | K4: 6 | L4: 7 | M4: 8 | N4: 9 | O4: 10 | P4: 11 | Q4: 12 | R4: 13 | S4: 14 | T4: 15 | U4: 16 | V4: 17 | W4: 18
E5: Par | F5: 5 | G5: 4 | H5: 3 | I5: 4 | J5: 4 | K5: 4 | L5: 3 | M5: 5 | N5: 4 | O5: 4 | P5: 4 | Q5: 3 | R5: 4 | S5: 5 | T5: 3 | U5: 4 | V5: 5 | W5: 4 | X5: =SUM(F5:W5) -> 72
E6: Hole hcp | F6: 5 | G6: 9 | H6: 17 | I6: 1 | J6: 3 | K6: 15 | L6: 11 | M6: 7 | N6: 13 | O6: 2 | P6: 10 | Q6: 16 | R6: 14 | S6: 18 | T6: 12 | U6: 4 | V6: 8 | W6: 6
A7: Player | B7: Team | C7: Hcp | D7: Strokes | E7: Group · Tee | F7: 1 | G7: 2 | H7: 3 | I7: 4 | J7: 5 | K7: 6 | L7: 7 | M7: 8 | N7: 9 | O7: 10 | P7: 11 | Q7: 12 | R7: 13 | S7: 14 | T7: 15 | U7: 16 | V7: 17 | W7: 18 | X7: Gross | Y7: Holes | Z7: Net | AA7: Mankles pts | AB7: Mankles round | AC7: Birdies+
A8: =Players!$A$5 -> Frank Barta | B8: =Players!$B$5 -> Team 2 | C8: =Players!$C$5 -> 8 | D8: =Players!$D$5 -> 0 | E8: Grp 3 · 11:20 AM | X8: =IF(COUNT(F8:W8)=0,"",SUM(F8:W8)) | Y8: =COUNT(F8:W8) -> 0 | Z8: =IF(COUNT(F8:W8)=0,"",SUM(F46:W46)) | AA8: =IF(COUNT(F8:W8)=0,"",SUM(F64:W64)) | AB8: =IF(COUNT(F8:W8)=0,"",C8+AA8) | AC8: =COUNTIF(F64:W64,">=4") -> 0
A9: =Players!$A$6 -> Marc Wydom | B9: =Players!$B$6 -> Team 2 | C9: =Players!$C$6 -> 16 | D9: =Players!$D$6 -> 8 | E9: Grp 3 · 11:20 AM | X9: =IF(COUNT(F9:W9)=0,"",SUM(F9:W9)) | Y9: =COUNT(F9:W9) -> 0 | Z9: =IF(COUNT(F9:W9)=0,"",SUM(F47:W47)) | AA9: =IF(COUNT(F9:W9)=0,"",SUM(F65:W65)) | AB9: =IF(COUNT(F9:W9)=0,"",C9+AA9) | AC9: =COUNTIF(F65:W65,">=4") -> 0
A10: =Players!$A$7 -> Donnie Muller | B10: =Players!$B$7 -> Team 2 | C10: =Players!$C$7 -> 19 | D10: =Players!$D$7 -> 11 | E10: Grp 3 · 11:20 AM | X10: =IF(COUNT(F10:W10)=0,"",SUM(F10:W10)) | Y10: =COUNT(F10:W10) -> 0 | Z10: =IF(COUNT(F10:W10)=0,"",SUM(F48:W48)) | AA10: =IF(COUNT(F10:W10)=0,"",SUM(F66:W66)) | AB10: =IF(COUNT(F10:W10)=0,"",C10+AA10) | AC10: =COUNTIF(F66:W66,">=4") -> 0
A11: =Players!$A$8 -> Tommy Duncan | B11: =Players!$B$8 -> Skull it and Pray | C11: =Players!$C$8 -> 24 | D11: =Players!$D$8 -> 16 | E11: Grp 3 · 11:20 AM | X11: =IF(COUNT(F11:W11)=0,"",SUM(F11:W11)) | Y11: =COUNT(F11:W11) -> 0 | Z11: =IF(COUNT(F11:W11)=0,"",SUM(F49:W49)) | AA11: =IF(COUNT(F11:W11)=0,"",SUM(F67:W67)) | AB11: =IF(COUNT(F11:W11)=0,"",C11+AA11) | AC11: =COUNTIF(F67:W67,">=4") -> 0
A12: =Players!$A$9 -> Jason Kimbo | B12: =Players!$B$9 -> Skull it and Pray | C12: =Players!$C$9 -> 17 | D12: =Players!$D$9 -> 9 | E12: Grp 4 · 11:30 AM | X12: =IF(COUNT(F12:W12)=0,"",SUM(F12:W12)) | Y12: =COUNT(F12:W12) -> 0 | Z12: =IF(COUNT(F12:W12)=0,"",SUM(F50:W50)) | AA12: =IF(COUNT(F12:W12)=0,"",SUM(F68:W68)) | AB12: =IF(COUNT(F12:W12)=0,"",C12+AA12) | AC12: =COUNTIF(F68:W68,">=4") -> 0
A13: =Players!$A$10 -> Spencer Friend | B13: =Players!$B$10 -> Skull it and Pray | C13: =Players!$C$10 -> 9 | D13: =Players!$D$10 -> 1 | E13: Grp 1 · 11:00 AM | X13: =IF(COUNT(F13:W13)=0,"",SUM(F13:W13)) | Y13: =COUNT(F13:W13) -> 0 | Z13: =IF(COUNT(F13:W13)=0,"",SUM(F51:W51)) | AA13: =IF(COUNT(F13:W13)=0,"",SUM(F69:W69)) | AB13: =IF(COUNT(F13:W13)=0,"",C13+AA13) | AC13: =COUNTIF(F69:W69,">=4") -> 0
A14: =Players!$A$11 -> Ben Young | B14: =Players!$B$11 -> Team 3 | C14: =Players!$C$11 -> 18 | D14: =Players!$D$11 -> 10 | E14: Grp 2 · 11:10 AM | X14: =IF(COUNT(F14:W14)=0,"",SUM(F14:W14)) | Y14: =COUNT(F14:W14) -> 0 | Z14: =IF(COUNT(F14:W14)=0,"",SUM(F52:W52)) | AA14: =IF(COUNT(F14:W14)=0,"",SUM(F70:W70)) | AB14: =IF(COUNT(F14:W14)=0,"",C14+AA14) | AC14: =COUNTIF(F70:W70,">=4") -> 0
A15: =Players!$A$12 -> Justin Conrad | B15: =Players!$B$12 -> Team 3 | C15: =Players!$C$12 -> 30 | D15: =Players!$D$12 -> 22 | E15: Grp 2 · 11:10 AM | X15: =IF(COUNT(F15:W15)=0,"",SUM(F15:W15)) | Y15: =COUNT(F15:W15) -> 0 | Z15: =IF(COUNT(F15:W15)=0,"",SUM(F53:W53)) | AA15: =IF(COUNT(F15:W15)=0,"",SUM(F71:W71)) | AB15: =IF(COUNT(F15:W15)=0,"",C15+AA15) | AC15: =COUNTIF(F71:W71,">=4") -> 0
A16: =Players!$A$13 -> Shawn McMaster | B16: =Players!$B$13 -> Team 3 | C16: =Players!$C$13 -> 19 | D16: =Players!$D$13 -> 11 | E16: Grp 2 · 11:10 AM | X16: =IF(COUNT(F16:W16)=0,"",SUM(F16:W16)) | Y16: =COUNT(F16:W16) -> 0 | Z16: =IF(COUNT(F16:W16)=0,"",SUM(F54:W54)) | AA16: =IF(COUNT(F16:W16)=0,"",SUM(F72:W72)) | AB16: =IF(COUNT(F16:W16)=0,"",C16+AA16) | AC16: =COUNTIF(F72:W72,">=4") -> 0
A17: =Players!$A$14 -> Ian Dempsey | B17: =Players!$B$14 -> Wydom’s Woodies | C17: =Players!$C$14 -> 21 | D17: =Players!$D$14 -> 13 | E17: Grp 1 · 11:00 AM | X17: =IF(COUNT(F17:W17)=0,"",SUM(F17:W17)) | Y17: =COUNT(F17:W17) -> 0 | Z17: =IF(COUNT(F17:W17)=0,"",SUM(F55:W55)) | AA17: =IF(COUNT(F17:W17)=0,"",SUM(F73:W73)) | AB17: =IF(COUNT(F17:W17)=0,"",C17+AA17) | AC17: =COUNTIF(F73:W73,">=4") -> 0
A18: =Players!$A$15 -> Nick Roy | B18: =Players!$B$15 -> Wydom’s Woodies | C18: =Players!$C$15 -> 21 | D18: =Players!$D$15 -> 13 | E18: Grp 2 · 11:10 AM | X18: =IF(COUNT(F18:W18)=0,"",SUM(F18:W18)) | Y18: =COUNT(F18:W18) -> 0 | Z18: =IF(COUNT(F18:W18)=0,"",SUM(F56:W56)) | AA18: =IF(COUNT(F18:W18)=0,"",SUM(F74:W74)) | AB18: =IF(COUNT(F18:W18)=0,"",C18+AA18) | AC18: =COUNTIF(F74:W74,">=4") -> 0
A19: =Players!$A$16 -> Henry Holst | B19: =Players!$B$16 -> Wydom’s Woodies | C19: =Players!$C$16 -> 19 | D19: =Players!$D$16 -> 11 | E19: Grp 1 · 11:00 AM | X19: =IF(COUNT(F19:W19)=0,"",SUM(F19:W19)) | Y19: =COUNT(F19:W19) -> 0 | Z19: =IF(COUNT(F19:W19)=0,"",SUM(F57:W57)) | AA19: =IF(COUNT(F19:W19)=0,"",SUM(F75:W75)) | AB19: =IF(COUNT(F19:W19)=0,"",C19+AA19) | AC19: =COUNTIF(F75:W75,">=4") -> 0
A20: =Players!$A$17 -> Chad Stone | B20: =Players!$B$17 -> Putting Balls in the Hole | C20: =Players!$C$17 -> 23 | D20: =Players!$D$17 -> 15 | E20: Grp 4 · 11:30 AM | X20: =IF(COUNT(F20:W20)=0,"",SUM(F20:W20)) | Y20: =COUNT(F20:W20) -> 0 | Z20: =IF(COUNT(F20:W20)=0,"",SUM(F58:W58)) | AA20: =IF(COUNT(F20:W20)=0,"",SUM(F76:W76)) | AB20: =IF(COUNT(F20:W20)=0,"",C20+AA20) | AC20: =COUNTIF(F76:W76,">=4") -> 0
A21: =Players!$A$18 -> Tom Devine | B21: =Players!$B$18 -> Putting Balls in the Hole | C21: =Players!$C$18 -> 17 | D21: =Players!$D$18 -> 9 | E21: Grp 4 · 11:30 AM | X21: =IF(COUNT(F21:W21)=0,"",SUM(F21:W21)) | Y21: =COUNT(F21:W21) -> 0 | Z21: =IF(COUNT(F21:W21)=0,"",SUM(F59:W59)) | AA21: =IF(COUNT(F21:W21)=0,"",SUM(F77:W77)) | AB21: =IF(COUNT(F21:W21)=0,"",C21+AA21) | AC21: =COUNTIF(F77:W77,">=4") -> 0
A22: =Players!$A$19 -> Mike Warenda | B22: =Players!$B$19 -> Putting Balls in the Hole | C22: =Players!$C$19 -> 21 | D22: =Players!$D$19 -> 13 | E22: Grp 4 · 11:30 AM | X22: =IF(COUNT(F22:W22)=0,"",SUM(F22:W22)) | Y22: =COUNT(F22:W22) -> 0 | Z22: =IF(COUNT(F22:W22)=0,"",SUM(F60:W60)) | AA22: =IF(COUNT(F22:W22)=0,"",SUM(F78:W78)) | AB22: =IF(COUNT(F22:W22)=0,"",C22+AA22) | AC22: =COUNTIF(F78:W78,">=4") -> 0
E24: Skin winner | F24: =IF(COUNT(F46:F60)<15,"",IF(COUNTIF(F46:F60,MIN(F46:F60))>1,"tie",INDEX($A$8:$A$22,MATCH(MIN(F46:F60),F46:F60,0)))) | G24: =IF(COUNT(G46:G60)<15,"",IF(COUNTIF(G46:G60,MIN(G46:G60))>1,"tie",INDEX($A$8:$A$22,MATCH(MIN(G46:G60),G46:G60,0)))) | H24: =IF(COUNT(H46:H60)<15,"",IF(COUNTIF(H46:H60,MIN(H46:H60))>1,"tie",INDEX($A$8:$A$22,MATCH(MIN(H46:H60),H46:H60,0)))) | I24: =IF(COUNT(I46:I60)<15,"",IF(COUNTIF(I46:I60,MIN(I46:I60))>1,"tie",INDEX($A$8:$A$22,MATCH(MIN(I46:I60),I46:I60,0)))) | J24: =IF(COUNT(J46:J60)<15,"",IF(COUNTIF(J46:J60,MIN(J46:J60))>1,"tie",INDEX($A$8:$A$22,MATCH(MIN(J46:J60),J46:J60,0)))) | K24: =IF(COUNT(K46:K60)<15,"",IF(COUNTIF(K46:K60,MIN(K46:K60))>1,"tie",INDEX($A$8:$A$22,MATCH(MIN(K46:K60),K46:K60,0)))) | L24: =IF(COUNT(L46:L60)<15,"",IF(COUNTIF(L46:L60,MIN(L46:L60))>1,"tie",INDEX($A$8:$A$22,MATCH(MIN(L46:L60),L46:L60,0)))) | M24: =IF(COUNT(M46:M60)<15,"",IF(COUNTIF(M46:M60,MIN(M46:M60))>1,"tie",INDEX($A$8:$A$22,MATCH(MIN(M46:M60),M46:M60,0)))) | ... W24: =IF(COUNT(W46:W60)<15,"",IF(COUNTIF(W46:W60,MIN(W46:W60))>1,"tie",INDEX($A$8:$A$22,MATCH(MIN(W46:W60),W46:W60,0))))
E25: Skins won | F25: =COUNTIF(F24:W24,"?*")-COUNTIF(F24:W24,"tie") -> 0 | H25: $ per skin | I25: =IF(F25=0,0,Leaderboard!$B$3/F25) -> 0
A27: Handicap strokes on each hole (automatic)
A28: =A8 -> Frank Barta | F28: =INT($D8/18)+IF(F$6<=MOD($D8,18),1,0) -> 0 | G28: =INT($D8/18)+IF(G$6<=MOD($D8,18),1,0) -> 0 | H28: =INT($D8/18)+IF(H$6<=MOD($D8,18),1,0) -> 0 | I28: =INT($D8/18)+IF(I$6<=MOD($D8,18),1,0) -> 0 | J28: =INT($D8/18)+IF(J$6<=MOD($D8,18),1,0) -> 0 | K28: =INT($D8/18)+IF(K$6<=MOD($D8,18),1,0) -> 0 | L28: =INT($D8/18)+IF(L$6<=MOD($D8,18),1,0) -> 0 | M28: =INT($D8/18)+IF(M$6<=MOD($D8,18),1,0) -> 0 | ... W28: =INT($D8/18)+IF(W$6<=MOD($D8,18),1,0) -> 0
A29: =A9 -> Marc Wydom | F29: =INT($D9/18)+IF(F$6<=MOD($D9,18),1,0) -> 1 | G29: =INT($D9/18)+IF(G$6<=MOD($D9,18),1,0) -> 0 | H29: =INT($D9/18)+IF(H$6<=MOD($D9,18),1,0) -> 0 | I29: =INT($D9/18)+IF(I$6<=MOD($D9,18),1,0) -> 1 | J29: =INT($D9/18)+IF(J$6<=MOD($D9,18),1,0) -> 1 | K29: =INT($D9/18)+IF(K$6<=MOD($D9,18),1,0) -> 0 | L29: =INT($D9/18)+IF(L$6<=MOD($D9,18),1,0) -> 0 | M29: =INT($D9/18)+IF(M$6<=MOD($D9,18),1,0) -> 1 | ... W29: =INT($D9/18)+IF(W$6<=MOD($D9,18),1,0) -> 1
A30: =A10 -> Donnie Muller | F30: =INT($D10/18)+IF(F$6<=MOD($D10,18),1,0) -> 1 | G30: =INT($D10/18)+IF(G$6<=MOD($D10,18),1,0) -> 1 | H30: =INT($D10/18)+IF(H$6<=MOD($D10,18),1,0) -> 0 | I30: =INT($D10/18)+IF(I$6<=MOD($D10,18),1,0) -> 1 | J30: =INT($D10/18)+IF(J$6<=MOD($D10,18),1,0) -> 1 | K30: =INT($D10/18)+IF(K$6<=MOD($D10,18),1,0) -> 0 | L30: =INT($D10/18)+IF(L$6<=MOD($D10,18),1,0) -> 1 | M30: =INT($D10/18)+IF(M$6<=MOD($D10,18),1,0) -> 1 | ... W30: =INT($D10/18)+IF(W$6<=MOD($D10,18),1,0) -> 1
A31: =A11 -> Tommy Duncan | F31: =INT($D11/18)+IF(F$6<=MOD($D11,18),1,0) -> 1 | G31: =INT($D11/18)+IF(G$6<=MOD($D11,18),1,0) -> 1 | H31: =INT($D11/18)+IF(H$6<=MOD($D11,18),1,0) -> 0 | I31: =INT($D11/18)+IF(I$6<=MOD($D11,18),1,0) -> 1 | J31: =INT($D11/18)+IF(J$6<=MOD($D11,18),1,0) -> 1 | K31: =INT($D11/18)+IF(K$6<=MOD($D11,18),1,0) -> 1 | L31: =INT($D11/18)+IF(L$6<=MOD($D11,18),1,0) -> 1 | M31: =INT($D11/18)+IF(M$6<=MOD($D11,18),1,0) -> 1 | ... W31: =INT($D11/18)+IF(W$6<=MOD($D11,18),1,0) -> 1
A32: =A12 -> Jason Kimbo | F32: =INT($D12/18)+IF(F$6<=MOD($D12,18),1,0) -> 1 | G32: =INT($D12/18)+IF(G$6<=MOD($D12,18),1,0) -> 1 | H32: =INT($D12/18)+IF(H$6<=MOD($D12,18),1,0) -> 0 | I32: =INT($D12/18)+IF(I$6<=MOD($D12,18),1,0) -> 1 | J32: =INT($D12/18)+IF(J$6<=MOD($D12,18),1,0) -> 1 | K32: =INT($D12/18)+IF(K$6<=MOD($D12,18),1,0) -> 0 | L32: =INT($D12/18)+IF(L$6<=MOD($D12,18),1,0) -> 0 | M32: =INT($D12/18)+IF(M$6<=MOD($D12,18),1,0) -> 1 | ... W32: =INT($D12/18)+IF(W$6<=MOD($D12,18),1,0) -> 1
A33: =A13 -> Spencer Friend | F33: =INT($D13/18)+IF(F$6<=MOD($D13,18),1,0) -> 0 | G33: =INT($D13/18)+IF(G$6<=MOD($D13,18),1,0) -> 0 | H33: =INT($D13/18)+IF(H$6<=MOD($D13,18),1,0) -> 0 | I33: =INT($D13/18)+IF(I$6<=MOD($D13,18),1,0) -> 1 | J33: =INT($D13/18)+IF(J$6<=MOD($D13,18),1,0) -> 0 | K33: =INT($D13/18)+IF(K$6<=MOD($D13,18),1,0) -> 0 | L33: =INT($D13/18)+IF(L$6<=MOD($D13,18),1,0) -> 0 | M33: =INT($D13/18)+IF(M$6<=MOD($D13,18),1,0) -> 0 | ... W33: =INT($D13/18)+IF(W$6<=MOD($D13,18),1,0) -> 0
A34: =A14 -> Ben Young | F34: =INT($D14/18)+IF(F$6<=MOD($D14,18),1,0) -> 1 | G34: =INT($D14/18)+IF(G$6<=MOD($D14,18),1,0) -> 1 | H34: =INT($D14/18)+IF(H$6<=MOD($D14,18),1,0) -> 0 | I34: =INT($D14/18)+IF(I$6<=MOD($D14,18),1,0) -> 1 | J34: =INT($D14/18)+IF(J$6<=MOD($D14,18),1,0) -> 1 | K34: =INT($D14/18)+IF(K$6<=MOD($D14,18),1,0) -> 0 | L34: =INT($D14/18)+IF(L$6<=MOD($D14,18),1,0) -> 0 | M34: =INT($D14/18)+IF(M$6<=MOD($D14,18),1,0) -> 1 | ... W34: =INT($D14/18)+IF(W$6<=MOD($D14,18),1,0) -> 1
A35: =A15 -> Justin Conrad | F35: =INT($D15/18)+IF(F$6<=MOD($D15,18),1,0) -> 1 | G35: =INT($D15/18)+IF(G$6<=MOD($D15,18),1,0) -> 1 | H35: =INT($D15/18)+IF(H$6<=MOD($D15,18),1,0) -> 1 | I35: =INT($D15/18)+IF(I$6<=MOD($D15,18),1,0) -> 2 | J35: =INT($D15/18)+IF(J$6<=MOD($D15,18),1,0) -> 2 | K35: =INT($D15/18)+IF(K$6<=MOD($D15,18),1,0) -> 1 | L35: =INT($D15/18)+IF(L$6<=MOD($D15,18),1,0) -> 1 | M35: =INT($D15/18)+IF(M$6<=MOD($D15,18),1,0) -> 1 | ... W35: =INT($D15/18)+IF(W$6<=MOD($D15,18),1,0) -> 1
A36: =A16 -> Shawn McMaster | F36: =INT($D16/18)+IF(F$6<=MOD($D16,18),1,0) -> 1 | G36: =INT($D16/18)+IF(G$6<=MOD($D16,18),1,0) -> 1 | H36: =INT($D16/18)+IF(H$6<=MOD($D16,18),1,0) -> 0 | I36: =INT($D16/18)+IF(I$6<=MOD($D16,18),1,0) -> 1 | J36: =INT($D16/18)+IF(J$6<=MOD($D16,18),1,0) -> 1 | K36: =INT($D16/18)+IF(K$6<=MOD($D16,18),1,0) -> 0 | L36: =INT($D16/18)+IF(L$6<=MOD($D16,18),1,0) -> 1 | M36: =INT($D16/18)+IF(M$6<=MOD($D16,18),1,0) -> 1 | ... W36: =INT($D16/18)+IF(W$6<=MOD($D16,18),1,0) -> 1
A37: =A17 -> Ian Dempsey | F37: =INT($D17/18)+IF(F$6<=MOD($D17,18),1,0) -> 1 | G37: =INT($D17/18)+IF(G$6<=MOD($D17,18),1,0) -> 1 | H37: =INT($D17/18)+IF(H$6<=MOD($D17,18),1,0) -> 0 | I37: =INT($D17/18)+IF(I$6<=MOD($D17,18),1,0) -> 1 | J37: =INT($D17/18)+IF(J$6<=MOD($D17,18),1,0) -> 1 | K37: =INT($D17/18)+IF(K$6<=MOD($D17,18),1,0) -> 0 | L37: =INT($D17/18)+IF(L$6<=MOD($D17,18),1,0) -> 1 | M37: =INT($D17/18)+IF(M$6<=MOD($D17,18),1,0) -> 1 | ... W37: =INT($D17/18)+IF(W$6<=MOD($D17,18),1,0) -> 1
A38: =A18 -> Nick Roy | F38: =INT($D18/18)+IF(F$6<=MOD($D18,18),1,0) -> 1 | G38: =INT($D18/18)+IF(G$6<=MOD($D18,18),1,0) -> 1 | H38: =INT($D18/18)+IF(H$6<=MOD($D18,18),1,0) -> 0 | I38: =INT($D18/18)+IF(I$6<=MOD($D18,18),1,0) -> 1 | J38: =INT($D18/18)+IF(J$6<=MOD($D18,18),1,0) -> 1 | K38: =INT($D18/18)+IF(K$6<=MOD($D18,18),1,0) -> 0 | L38: =INT($D18/18)+IF(L$6<=MOD($D18,18),1,0) -> 1 | M38: =INT($D18/18)+IF(M$6<=MOD($D18,18),1,0) -> 1 | ... W38: =INT($D18/18)+IF(W$6<=MOD($D18,18),1,0) -> 1
A39: =A19 -> Henry Holst | F39: =INT($D19/18)+IF(F$6<=MOD($D19,18),1,0) -> 1 | G39: =INT($D19/18)+IF(G$6<=MOD($D19,18),1,0) -> 1 | H39: =INT($D19/18)+IF(H$6<=MOD($D19,18),1,0) -> 0 | I39: =INT($D19/18)+IF(I$6<=MOD($D19,18),1,0) -> 1 | J39: =INT($D19/18)+IF(J$6<=MOD($D19,18),1,0) -> 1 | K39: =INT($D19/18)+IF(K$6<=MOD($D19,18),1,0) -> 0 | L39: =INT($D19/18)+IF(L$6<=MOD($D19,18),1,0) -> 1 | M39: =INT($D19/18)+IF(M$6<=MOD($D19,18),1,0) -> 1 | ... W39: =INT($D19/18)+IF(W$6<=MOD($D19,18),1,0) -> 1
... A42: =A22 -> Mike Warenda | F42: =INT($D22/18)+IF(F$6<=MOD($D22,18),1,0) -> 1 | G42: =INT($D22/18)+IF(G$6<=MOD($D22,18),1,0) -> 1 | H42: =INT($D22/18)+IF(H$6<=MOD($D22,18),1,0) -> 0 | I42: =INT($D22/18)+IF(I$6<=MOD($D22,18),1,0) -> 1 | J42: =INT($D22/18)+IF(J$6<=MOD($D22,18),1,0) -> 1 | K42: =INT($D22/18)+IF(K$6<=MOD($D22,18),1,0) -> 0 | L42: =INT($D22/18)+IF(L$6<=MOD($D22,18),1,0) -> 1 | M42: =INT($D22/18)+IF(M$6<=MOD($D22,18),1,0) -> 1 | ... W42: =INT($D22/18)+IF(W$6<=MOD($D22,18),1,0) -> 1
A45: Net score on each hole (gross minus strokes)
A46: =A8 -> Frank Barta | F46: =IF(ISNUMBER(F8),F8-F28,"") | G46: =IF(ISNUMBER(G8),G8-G28,"") | H46: =IF(ISNUMBER(H8),H8-H28,"") | I46: =IF(ISNUMBER(I8),I8-I28,"") | J46: =IF(ISNUMBER(J8),J8-J28,"") | K46: =IF(ISNUMBER(K8),K8-K28,"") | L46: =IF(ISNUMBER(L8),L8-L28,"") | M46: =IF(ISNUMBER(M8),M8-M28,"") | ... W46: =IF(ISNUMBER(W8),W8-W28,"")
A47: =A9 -> Marc Wydom | F47: =IF(ISNUMBER(F9),F9-F29,"") | G47: =IF(ISNUMBER(G9),G9-G29,"") | H47: =IF(ISNUMBER(H9),H9-H29,"") | I47: =IF(ISNUMBER(I9),I9-I29,"") | J47: =IF(ISNUMBER(J9),J9-J29,"") | K47: =IF(ISNUMBER(K9),K9-K29,"") | L47: =IF(ISNUMBER(L9),L9-L29,"") | M47: =IF(ISNUMBER(M9),M9-M29,"") | ... W47: =IF(ISNUMBER(W9),W9-W29,"")
A48: =A10 -> Donnie Muller | F48: =IF(ISNUMBER(F10),F10-F30,"") | G48: =IF(ISNUMBER(G10),G10-G30,"") | H48: =IF(ISNUMBER(H10),H10-H30,"") | I48: =IF(ISNUMBER(I10),I10-I30,"") | J48: =IF(ISNUMBER(J10),J10-J30,"") | K48: =IF(ISNUMBER(K10),K10-K30,"") | L48: =IF(ISNUMBER(L10),L10-L30,"") | M48: =IF(ISNUMBER(M10),M10-M30,"") | ... W48: =IF(ISNUMBER(W10),W10-W30,"")
A49: =A11 -> Tommy Duncan | F49: =IF(ISNUMBER(F11),F11-F31,"") | G49: =IF(ISNUMBER(G11),G11-G31,"") | H49: =IF(ISNUMBER(H11),H11-H31,"") | I49: =IF(ISNUMBER(I11),I11-I31,"") | J49: =IF(ISNUMBER(J11),J11-J31,"") | K49: =IF(ISNUMBER(K11),K11-K31,"") | L49: =IF(ISNUMBER(L11),L11-L31,"") | M49: =IF(ISNUMBER(M11),M11-M31,"") | ... W49: =IF(ISNUMBER(W11),W11-W31,"")
A50: =A12 -> Jason Kimbo | F50: =IF(ISNUMBER(F12),F12-F32,"") | G50: =IF(ISNUMBER(G12),G12-G32,"") | H50: =IF(ISNUMBER(H12),H12-H32,"") | I50: =IF(ISNUMBER(I12),I12-I32,"") | J50: =IF(ISNUMBER(J12),J12-J32,"") | K50: =IF(ISNUMBER(K12),K12-K32,"") | L50: =IF(ISNUMBER(L12),L12-L32,"") | M50: =IF(ISNUMBER(M12),M12-M32,"") | ... W50: =IF(ISNUMBER(W12),W12-W32,"")
A51: =A13 -> Spencer Friend | F51: =IF(ISNUMBER(F13),F13-F33,"") | G51: =IF(ISNUMBER(G13),G13-G33,"") | H51: =IF(ISNUMBER(H13),H13-H33,"") | I51: =IF(ISNUMBER(I13),I13-I33,"") | J51: =IF(ISNUMBER(J13),J13-J33,"") | K51: =IF(ISNUMBER(K13),K13-K33,"") | L51: =IF(ISNUMBER(L13),L13-L33,"") | M51: =IF(ISNUMBER(M13),M13-M33,"") | ... W51: =IF(ISNUMBER(W13),W13-W33,"")
A52: =A14 -> Ben Young | F52: =IF(ISNUMBER(F14),F14-F34,"") | G52: =IF(ISNUMBER(G14),G14-G34,"") | H52: =IF(ISNUMBER(H14),H14-H34,"") | I52: =IF(ISNUMBER(I14),I14-I34,"") | J52: =IF(ISNUMBER(J14),J14-J34,"") | K52: =IF(ISNUMBER(K14),K14-K34,"") | L52: =IF(ISNUMBER(L14),L14-L34,"") | M52: =IF(ISNUMBER(M14),M14-M34,"") | ... W52: =IF(ISNUMBER(W14),W14-W34,"")
A53: =A15 -> Justin Conrad | F53: =IF(ISNUMBER(F15),F15-F35,"") | G53: =IF(ISNUMBER(G15),G15-G35,"") | H53: =IF(ISNUMBER(H15),H15-H35,"") | I53: =IF(ISNUMBER(I15),I15-I35,"") | J53: =IF(ISNUMBER(J15),J15-J35,"") | K53: =IF(ISNUMBER(K15),K15-K35,"") | L53: =IF(ISNUMBER(L15),L15-L35,"") | M53: =IF(ISNUMBER(M15),M15-M35,"") | ... W53: =IF(ISNUMBER(W15),W15-W35,"")
A54: =A16 -> Shawn McMaster | F54: =IF(ISNUMBER(F16),F16-F36,"") | G54: =IF(ISNUMBER(G16),G16-G36,"") | H54: =IF(ISNUMBER(H16),H16-H36,"") | I54: =IF(ISNUMBER(I16),I16-I36,"") | J54: =IF(ISNUMBER(J16),J16-J36,"") | K54: =IF(ISNUMBER(K16),K16-K36,"") | L54: =IF(ISNUMBER(L16),L16-L36,"") | M54: =IF(ISNUMBER(M16),M16-M36,"") | ... W54: =IF(ISNUMBER(W16),W16-W36,"")
A55: =A17 -> Ian Dempsey | F55: =IF(ISNUMBER(F17),F17-F37,"") | G55: =IF(ISNUMBER(G17),G17-G37,"") | H55: =IF(ISNUMBER(H17),H17-H37,"") | I55: =IF(ISNUMBER(I17),I17-I37,"") | J55: =IF(ISNUMBER(J17),J17-J37,"") | K55: =IF(ISNUMBER(K17),K17-K37,"") | L55: =IF(ISNUMBER(L17),L17-L37,"") | M55: =IF(ISNUMBER(M17),M17-M37,"") | ... W55: =IF(ISNUMBER(W17),W17-W37,"")
A56: =A18 -> Nick Roy | F56: =IF(ISNUMBER(F18),F18-F38,"") | G56: =IF(ISNUMBER(G18),G18-G38,"") | H56: =IF(ISNUMBER(H18),H18-H38,"") | I56: =IF(ISNUMBER(I18),I18-I38,"") | J56: =IF(ISNUMBER(J18),J18-J38,"") | K56: =IF(ISNUMBER(K18),K18-K38,"") | L56: =IF(ISNUMBER(L18),L18-L38,"") | M56: =IF(ISNUMBER(M18),M18-M38,"") | ... W56: =IF(ISNUMBER(W18),W18-W38,"")
A57: =A19 -> Henry Holst | F57: =IF(ISNUMBER(F19),F19-F39,"") | G57: =IF(ISNUMBER(G19),G19-G39,"") | H57: =IF(ISNUMBER(H19),H19-H39,"") | I57: =IF(ISNUMBER(I19),I19-I39,"") | J57: =IF(ISNUMBER(J19),J19-J39,"") | K57: =IF(ISNUMBER(K19),K19-K39,"") | L57: =IF(ISNUMBER(L19),L19-L39,"") | M57: =IF(ISNUMBER(M19),M19-M39,"") | ... W57: =IF(ISNUMBER(W19),W19-W39,"")
... A60: =A22 -> Mike Warenda | F60: =IF(ISNUMBER(F22),F22-F42,"") | G60: =IF(ISNUMBER(G22),G22-G42,"") | H60: =IF(ISNUMBER(H22),H22-H42,"") | I60: =IF(ISNUMBER(I22),I22-I42,"") | J60: =IF(ISNUMBER(J22),J22-J42,"") | K60: =IF(ISNUMBER(K22),K22-K42,"") | L60: =IF(ISNUMBER(L22),L22-L42,"") | M60: =IF(ISNUMBER(M22),M22-M42,"") | ... W60: =IF(ISNUMBER(W22),W22-W42,"")
A63: Mankles points on each hole (gross vs par: eagle+ 8, birdie 4, par 2, bogey 1, double 0, triple+ −1)
A64: =A8 -> Frank Barta | F64: =IF(ISNUMBER(F8),IF((F8-F$5)<=-2,8,IF((F8-F$5)=-1,4,IF((F8-F$5)=0,2,IF((F8-F$5)=1,1,IF((F8-F$5)=2,0,-1))))),"") | G64: =IF(ISNUMBER(G8),IF((G8-G$5)<=-2,8,IF((G8-G$5)=-1,4,IF((G8-G$5)=0,2,IF((G8-G$5)=1,1,IF((G8-G$5)=2,0,-1))))),"") | H64: =IF(ISNUMBER(H8),IF((H8-H$5)<=-2,8,IF((H8-H$5)=-1,4,IF((H8-H$5)=0,2,IF((H8-H$5)=1,1,IF((H8-H$5)=2,0,-1))))),"") | I64: =IF(ISNUMBER(I8),IF((I8-I$5)<=-2,8,IF((I8-I$5)=-1,4,IF((I8-I$5)=0,2,IF((I8-I$5)=1,1,IF((I8-I$5)=2,0,-1))))),"") | J64: =IF(ISNUMBER(J8),IF((J8-J$5)<=-2,8,IF((J8-J$5)=-1,4,IF((J8-J$5)=0,2,IF((J8-J$5)=1,1,IF((J8-J$5)=2,0,-1))))),"") | K64: =IF(ISNUMBER(K8),IF((K8-K$5)<=-2,8,IF((K8-K$5)=-1,4,IF((K8-K$5)=0,2,IF((K8-K$5)=1,1,IF((K8-K$5)=2,0,-1))))),"") | L64: =IF(ISNUMBER(L8),IF((L8-L$5)<=-2,8,IF((L8-L$5)=-1,4,IF((L8-L$5)=0,2,IF((L8-L$5)=1,1,IF((L8-L$5)=2,0,-1))))),"") | M64: =IF(ISNUMBER(M8),IF((M8-M$5)<=-2,8,IF((M8-M$5)=-1,4,IF((M8-M$5)=0,2,IF((M8-M$5)=1,1,IF((M8-M$5)=2,0,-1))))),"") | ... W64: =IF(ISNUMBER(W8),IF((W8-W$5)<=-2,8,IF((W8-W$5)=-1,4,IF((W8-W$5)=0,2,IF((W8-W$5)=1,1,IF((W8-W$5)=2,0,-1))))),"")
A65: =A9 -> Marc Wydom | F65: =IF(ISNUMBER(F9),IF((F9-F$5)<=-2,8,IF((F9-F$5)=-1,4,IF((F9-F$5)=0,2,IF((F9-F$5)=1,1,IF((F9-F$5)=2,0,-1))))),"") | G65: =IF(ISNUMBER(G9),IF((G9-G$5)<=-2,8,IF((G9-G$5)=-1,4,IF((G9-G$5)=0,2,IF((G9-G$5)=1,1,IF((G9-G$5)=2,0,-1))))),"") | H65: =IF(ISNUMBER(H9),IF((H9-H$5)<=-2,8,IF((H9-H$5)=-1,4,IF((H9-H$5)=0,2,IF((H9-H$5)=1,1,IF((H9-H$5)=2,0,-1))))),"") | I65: =IF(ISNUMBER(I9),IF((I9-I$5)<=-2,8,IF((I9-I$5)=-1,4,IF((I9-I$5)=0,2,IF((I9-I$5)=1,1,IF((I9-I$5)=2,0,-1))))),"") | J65: =IF(ISNUMBER(J9),IF((J9-J$5)<=-2,8,IF((J9-J$5)=-1,4,IF((J9-J$5)=0,2,IF((J9-J$5)=1,1,IF((J9-J$5)=2,0,-1))))),"") | K65: =IF(ISNUMBER(K9),IF((K9-K$5)<=-2,8,IF((K9-K$5)=-1,4,IF((K9-K$5)=0,2,IF((K9-K$5)=1,1,IF((K9-K$5)=2,0,-1))))),"") | L65: =IF(ISNUMBER(L9),IF((L9-L$5)<=-2,8,IF((L9-L$5)=-1,4,IF((L9-L$5)=0,2,IF((L9-L$5)=1,1,IF((L9-L$5)=2,0,-1))))),"") | M65: =IF(ISNUMBER(M9),IF((M9-M$5)<=-2,8,IF((M9-M$5)=-1,4,IF((M9-M$5)=0,2,IF((M9-M$5)=1,1,IF((M9-M$5)=2,0,-1))))),"") | ... W65: =IF(ISNUMBER(W9),IF((W9-W$5)<=-2,8,IF((W9-W$5)=-1,4,IF((W9-W$5)=0,2,IF((W9-W$5)=1,1,IF((W9-W$5)=2,0,-1))))),"")
A66: =A10 -> Donnie Muller | F66: =IF(ISNUMBER(F10),IF((F10-F$5)<=-2,8,IF((F10-F$5)=-1,4,IF((F10-F$5)=0,2,IF((F10-F$5)=1,1,IF((F10-F$5)=2,0,-1))))),"") | G66: =IF(ISNUMBER(G10),IF((G10-G$5)<=-2,8,IF((G10-G$5)=-1,4,IF((G10-G$5)=0,2,IF((G10-G$5)=1,1,IF((G10-G$5)=2,0,-1))))),"") | H66: =IF(ISNUMBER(H10),IF((H10-H$5)<=-2,8,IF((H10-H$5)=-1,4,IF((H10-H$5)=0,2,IF((H10-H$5)=1,1,IF((H10-H$5)=2,0,-1))))),"") | I66: =IF(ISNUMBER(I10),IF((I10-I$5)<=-2,8,IF((I10-I$5)=-1,4,IF((I10-I$5)=0,2,IF((I10-I$5)=1,1,IF((I10-I$5)=2,0,-1))))),"") | J66: =IF(ISNUMBER(J10),IF((J10-J$5)<=-2,8,IF((J10-J$5)=-1,4,IF((J10-J$5)=0,2,IF((J10-J$5)=1,1,IF((J10-J$5)=2,0,-1))))),"") | K66: =IF(ISNUMBER(K10),IF((K10-K$5)<=-2,8,IF((K10-K$5)=-1,4,IF((K10-K$5)=0,2,IF((K10-K$5)=1,1,IF((K10-K$5)=2,0,-1))))),"") | L66: =IF(ISNUMBER(L10),IF((L10-L$5)<=-2,8,IF((L10-L$5)=-1,4,IF((L10-L$5)=0,2,IF((L10-L$5)=1,1,IF((L10-L$5)=2,0,-1))))),"") | M66: =IF(ISNUMBER(M10),IF((M10-M$5)<=-2,8,IF((M10-M$5)=-1,4,IF((M10-M$5)=0,2,IF((M10-M$5)=1,1,IF((M10-M$5)=2,0,-1))))),"") | ... W66: =IF(ISNUMBER(W10),IF((W10-W$5)<=-2,8,IF((W10-W$5)=-1,4,IF((W10-W$5)=0,2,IF((W10-W$5)=1,1,IF((W10-W$5)=2,0,-1))))),"")
A67: =A11 -> Tommy Duncan | F67: =IF(ISNUMBER(F11),IF((F11-F$5)<=-2,8,IF((F11-F$5)=-1,4,IF((F11-F$5)=0,2,IF((F11-F$5)=1,1,IF((F11-F$5)=2,0,-1))))),"") | G67: =IF(ISNUMBER(G11),IF((G11-G$5)<=-2,8,IF((G11-G$5)=-1,4,IF((G11-G$5)=0,2,IF((G11-G$5)=1,1,IF((G11-G$5)=2,0,-1))))),"") | H67: =IF(ISNUMBER(H11),IF((H11-H$5)<=-2,8,IF((H11-H$5)=-1,4,IF((H11-H$5)=0,2,IF((H11-H$5)=1,1,IF((H11-H$5)=2,0,-1))))),"") | I67: =IF(ISNUMBER(I11),IF((I11-I$5)<=-2,8,IF((I11-I$5)=-1,4,IF((I11-I$5)=0,2,IF((I11-I$5)=1,1,IF((I11-I$5)=2,0,-1))))),"") | J67: =IF(ISNUMBER(J11),IF((J11-J$5)<=-2,8,IF((J11-J$5)=-1,4,IF((J11-J$5)=0,2,IF((J11-J$5)=1,1,IF((J11-J$5)=2,0,-1))))),"") | K67: =IF(ISNUMBER(K11),IF((K11-K$5)<=-2,8,IF((K11-K$5)=-1,4,IF((K11-K$5)=0,2,IF((K11-K$5)=1,1,IF((K11-K$5)=2,0,-1))))),"") | L67: =IF(ISNUMBER(L11),IF((L11-L$5)<=-2,8,IF((L11-L$5)=-1,4,IF((L11-L$5)=0,2,IF((L11-L$5)=1,1,IF((L11-L$5)=2,0,-1))))),"") | M67: =IF(ISNUMBER(M11),IF((M11-M$5)<=-2,8,IF((M11-M$5)=-1,4,IF((M11-M$5)=0,2,IF((M11-M$5)=1,1,IF((M11-M$5)=2,0,-1))))),"") | ... W67: =IF(ISNUMBER(W11),IF((W11-W$5)<=-2,8,IF((W11-W$5)=-1,4,IF((W11-W$5)=0,2,IF((W11-W$5)=1,1,IF((W11-W$5)=2,0,-1))))),"")
A68: =A12 -> Jason Kimbo | F68: =IF(ISNUMBER(F12),IF((F12-F$5)<=-2,8,IF((F12-F$5)=-1,4,IF((F12-F$5)=0,2,IF((F12-F$5)=1,1,IF((F12-F$5)=2,0,-1))))),"") | G68: =IF(ISNUMBER(G12),IF((G12-G$5)<=-2,8,IF((G12-G$5)=-1,4,IF((G12-G$5)=0,2,IF((G12-G$5)=1,1,IF((G12-G$5)=2,0,-1))))),"") | H68: =IF(ISNUMBER(H12),IF((H12-H$5)<=-2,8,IF((H12-H$5)=-1,4,IF((H12-H$5)=0,2,IF((H12-H$5)=1,1,IF((H12-H$5)=2,0,-1))))),"") | I68: =IF(ISNUMBER(I12),IF((I12-I$5)<=-2,8,IF((I12-I$5)=-1,4,IF((I12-I$5)=0,2,IF((I12-I$5)=1,1,IF((I12-I$5)=2,0,-1))))),"") | J68: =IF(ISNUMBER(J12),IF((J12-J$5)<=-2,8,IF((J12-J$5)=-1,4,IF((J12-J$5)=0,2,IF((J12-J$5)=1,1,IF((J12-J$5)=2,0,-1))))),"") | K68: =IF(ISNUMBER(K12),IF((K12-K$5)<=-2,8,IF((K12-K$5)=-1,4,IF((K12-K$5)=0,2,IF((K12-K$5)=1,1,IF((K12-K$5)=2,0,-1))))),"") | L68: =IF(ISNUMBER(L12),IF((L12-L$5)<=-2,8,IF((L12-L$5)=-1,4,IF((L12-L$5)=0,2,IF((L12-L$5)=1,1,IF((L12-L$5)=2,0,-1))))),"") | M68: =IF(ISNUMBER(M12),IF((M12-M$5)<=-2,8,IF((M12-M$5)=-1,4,IF((M12-M$5)=0,2,IF((M12-M$5)=1,1,IF((M12-M$5)=2,0,-1))))),"") | ... W68: =IF(ISNUMBER(W12),IF((W12-W$5)<=-2,8,IF((W12-W$5)=-1,4,IF((W12-W$5)=0,2,IF((W12-W$5)=1,1,IF((W12-W$5)=2,0,-1))))),"")
A69: =A13 -> Spencer Friend | F69: =IF(ISNUMBER(F13),IF((F13-F$5)<=-2,8,IF((F13-F$5)=-1,4,IF((F13-F$5)=0,2,IF((F13-F$5)=1,1,IF((F13-F$5)=2,0,-1))))),"") | G69: =IF(ISNUMBER(G13),IF((G13-G$5)<=-2,8,IF((G13-G$5)=-1,4,IF((G13-G$5)=0,2,IF((G13-G$5)=1,1,IF((G13-G$5)=2,0,-1))))),"") | H69: =IF(ISNUMBER(H13),IF((H13-H$5)<=-2,8,IF((H13-H$5)=-1,4,IF((H13-H$5)=0,2,IF((H13-H$5)=1,1,IF((H13-H$5)=2,0,-1))))),"") | I69: =IF(ISNUMBER(I13),IF((I13-I$5)<=-2,8,IF((I13-I$5)=-1,4,IF((I13-I$5)=0,2,IF((I13-I$5)=1,1,IF((I13-I$5)=2,0,-1))))),"") | J69: =IF(ISNUMBER(J13),IF((J13-J$5)<=-2,8,IF((J13-J$5)=-1,4,IF((J13-J$5)=0,2,IF((J13-J$5)=1,1,IF((J13-J$5)=2,0,-1))))),"") | K69: =IF(ISNUMBER(K13),IF((K13-K$5)<=-2,8,IF((K13-K$5)=-1,4,IF((K13-K$5)=0,2,IF((K13-K$5)=1,1,IF((K13-K$5)=2,0,-1))))),"") | L69: =IF(ISNUMBER(L13),IF((L13-L$5)<=-2,8,IF((L13-L$5)=-1,4,IF((L13-L$5)=0,2,IF((L13-L$5)=1,1,IF((L13-L$5)=2,0,-1))))),"") | M69: =IF(ISNUMBER(M13),IF((M13-M$5)<=-2,8,IF((M13-M$5)=-1,4,IF((M13-M$5)=0,2,IF((M13-M$5)=1,1,IF((M13-M$5)=2,0,-1))))),"") | ... W69: =IF(ISNUMBER(W13),IF((W13-W$5)<=-2,8,IF((W13-W$5)=-1,4,IF((W13-W$5)=0,2,IF((W13-W$5)=1,1,IF((W13-W$5)=2,0,-1))))),"")
A70: =A14 -> Ben Young | F70: =IF(ISNUMBER(F14),IF((F14-F$5)<=-2,8,IF((F14-F$5)=-1,4,IF((F14-F$5)=0,2,IF((F14-F$5)=1,1,IF((F14-F$5)=2,0,-1))))),"") | G70: =IF(ISNUMBER(G14),IF((G14-G$5)<=-2,8,IF((G14-G$5)=-1,4,IF((G14-G$5)=0,2,IF((G14-G$5)=1,1,IF((G14-G$5)=2,0,-1))))),"") | H70: =IF(ISNUMBER(H14),IF((H14-H$5)<=-2,8,IF((H14-H$5)=-1,4,IF((H14-H$5)=0,2,IF((H14-H$5)=1,1,IF((H14-H$5)=2,0,-1))))),"") | I70: =IF(ISNUMBER(I14),IF((I14-I$5)<=-2,8,IF((I14-I$5)=-1,4,IF((I14-I$5)=0,2,IF((I14-I$5)=1,1,IF((I14-I$5)=2,0,-1))))),"") | J70: =IF(ISNUMBER(J14),IF((J14-J$5)<=-2,8,IF((J14-J$5)=-1,4,IF((J14-J$5)=0,2,IF((J14-J$5)=1,1,IF((J14-J$5)=2,0,-1))))),"") | K70: =IF(ISNUMBER(K14),IF((K14-K$5)<=-2,8,IF((K14-K$5)=-1,4,IF((K14-K$5)=0,2,IF((K14-K$5)=1,1,IF((K14-K$5)=2,0,-1))))),"") | L70: =IF(ISNUMBER(L14),IF((L14-L$5)<=-2,8,IF((L14-L$5)=-1,4,IF((L14-L$5)=0,2,IF((L14-L$5)=1,1,IF((L14-L$5)=2,0,-1))))),"") | M70: =IF(ISNUMBER(M14),IF((M14-M$5)<=-2,8,IF((M14-M$5)=-1,4,IF((M14-M$5)=0,2,IF((M14-M$5)=1,1,IF((M14-M$5)=2,0,-1))))),"") | ... W70: =IF(ISNUMBER(W14),IF((W14-W$5)<=-2,8,IF((W14-W$5)=-1,4,IF((W14-W$5)=0,2,IF((W14-W$5)=1,1,IF((W14-W$5)=2,0,-1))))),"")
A71: =A15 -> Justin Conrad | F71: =IF(ISNUMBER(F15),IF((F15-F$5)<=-2,8,IF((F15-F$5)=-1,4,IF((F15-F$5)=0,2,IF((F15-F$5)=1,1,IF((F15-F$5)=2,0,-1))))),"") | G71: =IF(ISNUMBER(G15),IF((G15-G$5)<=-2,8,IF((G15-G$5)=-1,4,IF((G15-G$5)=0,2,IF((G15-G$5)=1,1,IF((G15-G$5)=2,0,-1))))),"") | H71: =IF(ISNUMBER(H15),IF((H15-H$5)<=-2,8,IF((H15-H$5)=-1,4,IF((H15-H$5)=0,2,IF((H15-H$5)=1,1,IF((H15-H$5)=2,0,-1))))),"") | I71: =IF(ISNUMBER(I15),IF((I15-I$5)<=-2,8,IF((I15-I$5)=-1,4,IF((I15-I$5)=0,2,IF((I15-I$5)=1,1,IF((I15-I$5)=2,0,-1))))),"") | J71: =IF(ISNUMBER(J15),IF((J15-J$5)<=-2,8,IF((J15-J$5)=-1,4,IF((J15-J$5)=0,2,IF((J15-J$5)=1,1,IF((J15-J$5)=2,0,-1))))),"") | K71: =IF(ISNUMBER(K15),IF((K15-K$5)<=-2,8,IF((K15-K$5)=-1,4,IF((K15-K$5)=0,2,IF((K15-K$5)=1,1,IF((K15-K$5)=2,0,-1))))),"") | L71: =IF(ISNUMBER(L15),IF((L15-L$5)<=-2,8,IF((L15-L$5)=-1,4,IF((L15-L$5)=0,2,IF((L15-L$5)=1,1,IF((L15-L$5)=2,0,-1))))),"") | M71: =IF(ISNUMBER(M15),IF((M15-M$5)<=-2,8,IF((M15-M$5)=-1,4,IF((M15-M$5)=0,2,IF((M15-M$5)=1,1,IF((M15-M$5)=2,0,-1))))),"") | ... W71: =IF(ISNUMBER(W15),IF((W15-W$5)<=-2,8,IF((W15-W$5)=-1,4,IF((W15-W$5)=0,2,IF((W15-W$5)=1,1,IF((W15-W$5)=2,0,-1))))),"")
A72: =A16 -> Shawn McMaster | F72: =IF(ISNUMBER(F16),IF((F16-F$5)<=-2,8,IF((F16-F$5)=-1,4,IF((F16-F$5)=0,2,IF((F16-F$5)=1,1,IF((F16-F$5)=2,0,-1))))),"") | G72: =IF(ISNUMBER(G16),IF((G16-G$5)<=-2,8,IF((G16-G$5)=-1,4,IF((G16-G$5)=0,2,IF((G16-G$5)=1,1,IF((G16-G$5)=2,0,-1))))),"") | H72: =IF(ISNUMBER(H16),IF((H16-H$5)<=-2,8,IF((H16-H$5)=-1,4,IF((H16-H$5)=0,2,IF((H16-H$5)=1,1,IF((H16-H$5)=2,0,-1))))),"") | I72: =IF(ISNUMBER(I16),IF((I16-I$5)<=-2,8,IF((I16-I$5)=-1,4,IF((I16-I$5)=0,2,IF((I16-I$5)=1,1,IF((I16-I$5)=2,0,-1))))),"") | J72: =IF(ISNUMBER(J16),IF((J16-J$5)<=-2,8,IF((J16-J$5)=-1,4,IF((J16-J$5)=0,2,IF((J16-J$5)=1,1,IF((J16-J$5)=2,0,-1))))),"") | K72: =IF(ISNUMBER(K16),IF((K16-K$5)<=-2,8,IF((K16-K$5)=-1,4,IF((K16-K$5)=0,2,IF((K16-K$5)=1,1,IF((K16-K$5)=2,0,-1))))),"") | L72: =IF(ISNUMBER(L16),IF((L16-L$5)<=-2,8,IF((L16-L$5)=-1,4,IF((L16-L$5)=0,2,IF((L16-L$5)=1,1,IF((L16-L$5)=2,0,-1))))),"") | M72: =IF(ISNUMBER(M16),IF((M16-M$5)<=-2,8,IF((M16-M$5)=-1,4,IF((M16-M$5)=0,2,IF((M16-M$5)=1,1,IF((M16-M$5)=2,0,-1))))),"") | ... W72: =IF(ISNUMBER(W16),IF((W16-W$5)<=-2,8,IF((W16-W$5)=-1,4,IF((W16-W$5)=0,2,IF((W16-W$5)=1,1,IF((W16-W$5)=2,0,-1))))),"")
A73: =A17 -> Ian Dempsey | F73: =IF(ISNUMBER(F17),IF((F17-F$5)<=-2,8,IF((F17-F$5)=-1,4,IF((F17-F$5)=0,2,IF((F17-F$5)=1,1,IF((F17-F$5)=2,0,-1))))),"") | G73: =IF(ISNUMBER(G17),IF((G17-G$5)<=-2,8,IF((G17-G$5)=-1,4,IF((G17-G$5)=0,2,IF((G17-G$5)=1,1,IF((G17-G$5)=2,0,-1))))),"") | H73: =IF(ISNUMBER(H17),IF((H17-H$5)<=-2,8,IF((H17-H$5)=-1,4,IF((H17-H$5)=0,2,IF((H17-H$5)=1,1,IF((H17-H$5)=2,0,-1))))),"") | I73: =IF(ISNUMBER(I17),IF((I17-I$5)<=-2,8,IF((I17-I$5)=-1,4,IF((I17-I$5)=0,2,IF((I17-I$5)=1,1,IF((I17-I$5)=2,0,-1))))),"") | J73: =IF(ISNUMBER(J17),IF((J17-J$5)<=-2,8,IF((J17-J$5)=-1,4,IF((J17-J$5)=0,2,IF((J17-J$5)=1,1,IF((J17-J$5)=2,0,-1))))),"") | K73: =IF(ISNUMBER(K17),IF((K17-K$5)<=-2,8,IF((K17-K$5)=-1,4,IF((K17-K$5)=0,2,IF((K17-K$5)=1,1,IF((K17-K$5)=2,0,-1))))),"") | L73: =IF(ISNUMBER(L17),IF((L17-L$5)<=-2,8,IF((L17-L$5)=-1,4,IF((L17-L$5)=0,2,IF((L17-L$5)=1,1,IF((L17-L$5)=2,0,-1))))),"") | M73: =IF(ISNUMBER(M17),IF((M17-M$5)<=-2,8,IF((M17-M$5)=-1,4,IF((M17-M$5)=0,2,IF((M17-M$5)=1,1,IF((M17-M$5)=2,0,-1))))),"") | ... W73: =IF(ISNUMBER(W17),IF((W17-W$5)<=-2,8,IF((W17-W$5)=-1,4,IF((W17-W$5)=0,2,IF((W17-W$5)=1,1,IF((W17-W$5)=2,0,-1))))),"")
A74: =A18 -> Nick Roy | F74: =IF(ISNUMBER(F18),IF((F18-F$5)<=-2,8,IF((F18-F$5)=-1,4,IF((F18-F$5)=0,2,IF((F18-F$5)=1,1,IF((F18-F$5)=2,0,-1))))),"") | G74: =IF(ISNUMBER(G18),IF((G18-G$5)<=-2,8,IF((G18-G$5)=-1,4,IF((G18-G$5)=0,2,IF((G18-G$5)=1,1,IF((G18-G$5)=2,0,-1))))),"") | H74: =IF(ISNUMBER(H18),IF((H18-H$5)<=-2,8,IF((H18-H$5)=-1,4,IF((H18-H$5)=0,2,IF((H18-H$5)=1,1,IF((H18-H$5)=2,0,-1))))),"") | I74: =IF(ISNUMBER(I18),IF((I18-I$5)<=-2,8,IF((I18-I$5)=-1,4,IF((I18-I$5)=0,2,IF((I18-I$5)=1,1,IF((I18-I$5)=2,0,-1))))),"") | J74: =IF(ISNUMBER(J18),IF((J18-J$5)<=-2,8,IF((J18-J$5)=-1,4,IF((J18-J$5)=0,2,IF((J18-J$5)=1,1,IF((J18-J$5)=2,0,-1))))),"") | K74: =IF(ISNUMBER(K18),IF((K18-K$5)<=-2,8,IF((K18-K$5)=-1,4,IF((K18-K$5)=0,2,IF((K18-K$5)=1,1,IF((K18-K$5)=2,0,-1))))),"") | L74: =IF(ISNUMBER(L18),IF((L18-L$5)<=-2,8,IF((L18-L$5)=-1,4,IF((L18-L$5)=0,2,IF((L18-L$5)=1,1,IF((L18-L$5)=2,0,-1))))),"") | M74: =IF(ISNUMBER(M18),IF((M18-M$5)<=-2,8,IF((M18-M$5)=-1,4,IF((M18-M$5)=0,2,IF((M18-M$5)=1,1,IF((M18-M$5)=2,0,-1))))),"") | ... W74: =IF(ISNUMBER(W18),IF((W18-W$5)<=-2,8,IF((W18-W$5)=-1,4,IF((W18-W$5)=0,2,IF((W18-W$5)=1,1,IF((W18-W$5)=2,0,-1))))),"")
A75: =A19 -> Henry Holst | F75: =IF(ISNUMBER(F19),IF((F19-F$5)<=-2,8,IF((F19-F$5)=-1,4,IF((F19-F$5)=0,2,IF((F19-F$5)=1,1,IF((F19-F$5)=2,0,-1))))),"") | G75: =IF(ISNUMBER(G19),IF((G19-G$5)<=-2,8,IF((G19-G$5)=-1,4,IF((G19-G$5)=0,2,IF((G19-G$5)=1,1,IF((G19-G$5)=2,0,-1))))),"") | H75: =IF(ISNUMBER(H19),IF((H19-H$5)<=-2,8,IF((H19-H$5)=-1,4,IF((H19-H$5)=0,2,IF((H19-H$5)=1,1,IF((H19-H$5)=2,0,-1))))),"") | I75: =IF(ISNUMBER(I19),IF((I19-I$5)<=-2,8,IF((I19-I$5)=-1,4,IF((I19-I$5)=0,2,IF((I19-I$5)=1,1,IF((I19-I$5)=2,0,-1))))),"") | J75: =IF(ISNUMBER(J19),IF((J19-J$5)<=-2,8,IF((J19-J$5)=-1,4,IF((J19-J$5)=0,2,IF((J19-J$5)=1,1,IF((J19-J$5)=2,0,-1))))),"") | K75: =IF(ISNUMBER(K19),IF((K19-K$5)<=-2,8,IF((K19-K$5)=-1,4,IF((K19-K$5)=0,2,IF((K19-K$5)=1,1,IF((K19-K$5)=2,0,-1))))),"") | L75: =IF(ISNUMBER(L19),IF((L19-L$5)<=-2,8,IF((L19-L$5)=-1,4,IF((L19-L$5)=0,2,IF((L19-L$5)=1,1,IF((L19-L$5)=2,0,-1))))),"") | M75: =IF(ISNUMBER(M19),IF((M19-M$5)<=-2,8,IF((M19-M$5)=-1,4,IF((M19-M$5)=0,2,IF((M19-M$5)=1,1,IF((M19-M$5)=2,0,-1))))),"") | ... W75: =IF(ISNUMBER(W19),IF((W19-W$5)<=-2,8,IF((W19-W$5)=-1,4,IF((W19-W$5)=0,2,IF((W19-W$5)=1,1,IF((W19-W$5)=2,0,-1))))),"")
... A78: =A22 -> Mike Warenda | F78: =IF(ISNUMBER(F22),IF((F22-F$5)<=-2,8,IF((F22-F$5)=-1,4,IF((F22-F$5)=0,2,IF((F22-F$5)=1,1,IF((F22-F$5)=2,0,-1))))),"") | G78: =IF(ISNUMBER(G22),IF((G22-G$5)<=-2,8,IF((G22-G$5)=-1,4,IF((G22-G$5)=0,2,IF((G22-G$5)=1,1,IF((G22-G$5)=2,0,-1))))),"") | H78: =IF(ISNUMBER(H22),IF((H22-H$5)<=-2,8,IF((H22-H$5)=-1,4,IF((H22-H$5)=0,2,IF((H22-H$5)=1,1,IF((H22-H$5)=2,0,-1))))),"") | I78: =IF(ISNUMBER(I22),IF((I22-I$5)<=-2,8,IF((I22-I$5)=-1,4,IF((I22-I$5)=0,2,IF((I22-I$5)=1,1,IF((I22-I$5)=2,0,-1))))),"") | J78: =IF(ISNUMBER(J22),IF((J22-J$5)<=-2,8,IF((J22-J$5)=-1,4,IF((J22-J$5)=0,2,IF((J22-J$5)=1,1,IF((J22-J$5)=2,0,-1))))),"") | K78: =IF(ISNUMBER(K22),IF((K22-K$5)<=-2,8,IF((K22-K$5)=-1,4,IF((K22-K$5)=0,2,IF((K22-K$5)=1,1,IF((K22-K$5)=2,0,-1))))),"") | L78: =IF(ISNUMBER(L22),IF((L22-L$5)<=-2,8,IF((L22-L$5)=-1,4,IF((L22-L$5)=0,2,IF((L22-L$5)=1,1,IF((L22-L$5)=2,0,-1))))),"") | M78: =IF(ISNUMBER(M22),IF((M22-M$5)<=-2,8,IF((M22-M$5)=-1,4,IF((M22-M$5)=0,2,IF((M22-M$5)=1,1,IF((M22-M$5)=2,0,-1))))),"") | ... W78: =IF(ISNUMBER(W22),IF((W22-W$5)<=-2,8,IF((W22-W$5)=-1,4,IF((W22-W$5)=0,2,IF((W22-W$5)=1,1,IF((W22-W$5)=2,0,-1))))),"")
A81: Team best ball — two lowest net scores per hole
A82: Team | F82: 1 | G82: 2 | H82: 3 | I82: 4 | J82: 5 | K82: 6 | L82: 7 | M82: 8 | N82: 9 | O82: 10 | P82: 11 | Q82: 12 | R82: 13 | S82: 14 | T82: 15 | U82: 16 | V82: 17 | W82: 18 | X82: Best ball | Y82: Place | Z82: Team pts
A83: =B8 -> Team 2 | F83: =IF(COUNT(F46:F48)<2,"",SMALL(F46:F48,1)+SMALL(F46:F48,2)) | G83: =IF(COUNT(G46:G48)<2,"",SMALL(G46:G48,1)+SMALL(G46:G48,2)) | H83: =IF(COUNT(H46:H48)<2,"",SMALL(H46:H48,1)+SMALL(H46:H48,2)) | I83: =IF(COUNT(I46:I48)<2,"",SMALL(I46:I48,1)+SMALL(I46:I48,2)) | J83: =IF(COUNT(J46:J48)<2,"",SMALL(J46:J48,1)+SMALL(J46:J48,2)) | K83: =IF(COUNT(K46:K48)<2,"",SMALL(K46:K48,1)+SMALL(K46:K48,2)) | L83: =IF(COUNT(L46:L48)<2,"",SMALL(L46:L48,1)+SMALL(L46:L48,2)) | M83: =IF(COUNT(M46:M48)<2,"",SMALL(M46:M48,1)+SMALL(M46:M48,2)) | ... W83: =IF(COUNT(W46:W48)<2,"",SMALL(W46:W48,1)+SMALL(W46:W48,2)) | X83: =IF(COUNT(F83:W83)<18,"",SUM(F83:W83)) | Y83: =IF(X83="","",COUNTIF($X$83:$X$87,"<"&X83)+1) | Z83: =IF(X83="","",AVERAGE(OFFSET(Leaderboard!$B$5,Y83-1,0,COUNTIF($X$83:$X$87,X83),1)))
A84: =B11 -> Skull it and Pray | F84: =IF(COUNT(F49:F51)<2,"",SMALL(F49:F51,1)+SMALL(F49:F51,2)) | G84: =IF(COUNT(G49:G51)<2,"",SMALL(G49:G51,1)+SMALL(G49:G51,2)) | H84: =IF(COUNT(H49:H51)<2,"",SMALL(H49:H51,1)+SMALL(H49:H51,2)) | I84: =IF(COUNT(I49:I51)<2,"",SMALL(I49:I51,1)+SMALL(I49:I51,2)) | J84: =IF(COUNT(J49:J51)<2,"",SMALL(J49:J51,1)+SMALL(J49:J51,2)) | K84: =IF(COUNT(K49:K51)<2,"",SMALL(K49:K51,1)+SMALL(K49:K51,2)) | L84: =IF(COUNT(L49:L51)<2,"",SMALL(L49:L51,1)+SMALL(L49:L51,2)) | M84: =IF(COUNT(M49:M51)<2,"",SMALL(M49:M51,1)+SMALL(M49:M51,2)) | ... W84: =IF(COUNT(W49:W51)<2,"",SMALL(W49:W51,1)+SMALL(W49:W51,2)) | X84: =IF(COUNT(F84:W84)<18,"",SUM(F84:W84)) | Y84: =IF(X84="","",COUNTIF($X$83:$X$87,"<"&X84)+1) | Z84: =IF(X84="","",AVERAGE(OFFSET(Leaderboard!$B$5,Y84-1,0,COUNTIF($X$83:$X$87,X84),1)))
A85: =B14 -> Team 3 | F85: =IF(COUNT(F52:F54)<2,"",SMALL(F52:F54,1)+SMALL(F52:F54,2)) | G85: =IF(COUNT(G52:G54)<2,"",SMALL(G52:G54,1)+SMALL(G52:G54,2)) | H85: =IF(COUNT(H52:H54)<2,"",SMALL(H52:H54,1)+SMALL(H52:H54,2)) | I85: =IF(COUNT(I52:I54)<2,"",SMALL(I52:I54,1)+SMALL(I52:I54,2)) | J85: =IF(COUNT(J52:J54)<2,"",SMALL(J52:J54,1)+SMALL(J52:J54,2)) | K85: =IF(COUNT(K52:K54)<2,"",SMALL(K52:K54,1)+SMALL(K52:K54,2)) | L85: =IF(COUNT(L52:L54)<2,"",SMALL(L52:L54,1)+SMALL(L52:L54,2)) | M85: =IF(COUNT(M52:M54)<2,"",SMALL(M52:M54,1)+SMALL(M52:M54,2)) | ... W85: =IF(COUNT(W52:W54)<2,"",SMALL(W52:W54,1)+SMALL(W52:W54,2)) | X85: =IF(COUNT(F85:W85)<18,"",SUM(F85:W85)) | Y85: =IF(X85="","",COUNTIF($X$83:$X$87,"<"&X85)+1) | Z85: =IF(X85="","",AVERAGE(OFFSET(Leaderboard!$B$5,Y85-1,0,COUNTIF($X$83:$X$87,X85),1)))
A86: =B17 -> Wydom’s Woodies | F86: =IF(COUNT(F55:F57)<2,"",SMALL(F55:F57,1)+SMALL(F55:F57,2)) | G86: =IF(COUNT(G55:G57)<2,"",SMALL(G55:G57,1)+SMALL(G55:G57,2)) | H86: =IF(COUNT(H55:H57)<2,"",SMALL(H55:H57,1)+SMALL(H55:H57,2)) | I86: =IF(COUNT(I55:I57)<2,"",SMALL(I55:I57,1)+SMALL(I55:I57,2)) | J86: =IF(COUNT(J55:J57)<2,"",SMALL(J55:J57,1)+SMALL(J55:J57,2)) | K86: =IF(COUNT(K55:K57)<2,"",SMALL(K55:K57,1)+SMALL(K55:K57,2)) | L86: =IF(COUNT(L55:L57)<2,"",SMALL(L55:L57,1)+SMALL(L55:L57,2)) | M86: =IF(COUNT(M55:M57)<2,"",SMALL(M55:M57,1)+SMALL(M55:M57,2)) | ... W86: =IF(COUNT(W55:W57)<2,"",SMALL(W55:W57,1)+SMALL(W55:W57,2)) | X86: =IF(COUNT(F86:W86)<18,"",SUM(F86:W86)) | Y86: =IF(X86="","",COUNTIF($X$83:$X$87,"<"&X86)+1) | Z86: =IF(X86="","",AVERAGE(OFFSET(Leaderboard!$B$5,Y86-1,0,COUNTIF($X$83:$X$87,X86),1)))
A87: =B20 -> Putting Balls in the Hole | F87: =IF(COUNT(F58:F60)<2,"",SMALL(F58:F60,1)+SMALL(F58:F60,2)) | G87: =IF(COUNT(G58:G60)<2,"",SMALL(G58:G60,1)+SMALL(G58:G60,2)) | H87: =IF(COUNT(H58:H60)<2,"",SMALL(H58:H60,1)+SMALL(H58:H60,2)) | I87: =IF(COUNT(I58:I60)<2,"",SMALL(I58:I60,1)+SMALL(I58:I60,2)) | J87: =IF(COUNT(J58:J60)<2,"",SMALL(J58:J60,1)+SMALL(J58:J60,2)) | K87: =IF(COUNT(K58:K60)<2,"",SMALL(K58:K60,1)+SMALL(K58:K60,2)) | L87: =IF(COUNT(L58:L60)<2,"",SMALL(L58:L60,1)+SMALL(L58:L60,2)) | M87: =IF(COUNT(M58:M60)<2,"",SMALL(M58:M60,1)+SMALL(M58:M60,2)) | ... W87: =IF(COUNT(W58:W60)<2,"",SMALL(W58:W60,1)+SMALL(W58:W60,2)) | X87: =IF(COUNT(F87:W87)<18,"",SUM(F87:W87)) | Y87: =IF(X87="","",COUNTIF($X$83:$X$87,"<"&X87)+1) | Z87: =IF(X87="","",AVERAGE(OFFSET(Leaderboard!$B$5,Y87-1,0,COUNTIF($X$83:$X$87,X87),1)))
A89: A team scores once all 18 holes have at least two net scores. Ties split the points for the places they share.

Sheet R2 Palmer
A1: Round II · Arnold Palmer — Scorecard
A2: Friday, Nov 6 · Arnold Palmer · Gold · 70.9/133 tees · par 72
E4: Hole | F4: 1 | G4: 2 | H4: 3 | I4: 4 | J4: 5 | K4: 6 | L4: 7 | M4: 8 | N4: 9 | O4: 10 | P4: 11 | Q4: 12 | R4: 13 | S4: 14 | T4: 15 | U4: 16 | V4: 17 | W4: 18
E5: Par | F5: 4 | G5: 3 | H5: 5 | I5: 4 | J5: 3 | K5: 4 | L5: 4 | M5: 4 | N5: 5 | O5: 5 | P5: 4 | Q5: 4 | R5: 4 | S5: 3 | T5: 5 | U5: 3 | V5: 4 | W5: 4 | X5: =SUM(F5:W5) -> 72
E6: Hole hcp | F6: 5 | G6: 11 | H6: 9 | I6: 15 | J6: 13 | K6: 7 | L6: 17 | M6: 1 | N6: 3 | O6: 6 | P6: 14 | Q6: 8 | R6: 2 | S6: 18 | T6: 12 | U6: 16 | V6: 10 | W6: 4
A7: Player | B7: Team | C7: Hcp | D7: Strokes | E7: Group · Tee | F7: 1 | G7: 2 | H7: 3 | I7: 4 | J7: 5 | K7: 6 | L7: 7 | M7: 8 | N7: 9 | O7: 10 | P7: 11 | Q7: 12 | R7: 13 | S7: 14 | T7: 15 | U7: 16 | V7: 17 | W7: 18 | X7: Gross | Y7: Holes | Z7: Net | AA7: Mankles pts | AB7: Mankles round | AC7: Birdies+
A8: =Players!$A$5 -> Frank Barta | B8: =Players!$B$5 -> Team 2 | C8: =Players!$C$5 -> 8 | D8: =Players!$D$5 -> 0 | E8: Grp 3 · 11:10 AM | X8: =IF(COUNT(F8:W8)=0,"",SUM(F8:W8)) | Y8: =COUNT(F8:W8) -> 0 | Z8: =IF(COUNT(F8:W8)=0,"",SUM(F46:W46)) | AA8: =IF(COUNT(F8:W8)=0,"",SUM(F64:W64)) | AB8: =IF(COUNT(F8:W8)=0,"",C8+AA8) | AC8: =COUNTIF(F64:W64,">=4") -> 0
A9: =Players!$A$6 -> Marc Wydom | B9: =Players!$B$6 -> Team 2 | C9: =Players!$C$6 -> 16 | D9: =Players!$D$6 -> 8 | E9: Grp 2 · 11:00 AM | X9: =IF(COUNT(F9:W9)=0,"",SUM(F9:W9)) | Y9: =COUNT(F9:W9) -> 0 | Z9: =IF(COUNT(F9:W9)=0,"",SUM(F47:W47)) | AA9: =IF(COUNT(F9:W9)=0,"",SUM(F65:W65)) | AB9: =IF(COUNT(F9:W9)=0,"",C9+AA9) | AC9: =COUNTIF(F65:W65,">=4") -> 0
A10: =Players!$A$7 -> Donnie Muller | B10: =Players!$B$7 -> Team 2 | C10: =Players!$C$7 -> 19 | D10: =Players!$D$7 -> 11 | E10: Grp 4 · 11:20 AM | X10: =IF(COUNT(F10:W10)=0,"",SUM(F10:W10)) | Y10: =COUNT(F10:W10) -> 0 | Z10: =IF(COUNT(F10:W10)=0,"",SUM(F48:W48)) | AA10: =IF(COUNT(F10:W10)=0,"",SUM(F66:W66)) | AB10: =IF(COUNT(F10:W10)=0,"",C10+AA10) | AC10: =COUNTIF(F66:W66,">=4") -> 0
A11: =Players!$A$8 -> Tommy Duncan | B11: =Players!$B$8 -> Skull it and Pray | C11: =Players!$C$8 -> 24 | D11: =Players!$D$8 -> 16 | E11: Grp 1 · 10:50 AM | X11: =IF(COUNT(F11:W11)=0,"",SUM(F11:W11)) | Y11: =COUNT(F11:W11) -> 0 | Z11: =IF(COUNT(F11:W11)=0,"",SUM(F49:W49)) | AA11: =IF(COUNT(F11:W11)=0,"",SUM(F67:W67)) | AB11: =IF(COUNT(F11:W11)=0,"",C11+AA11) | AC11: =COUNTIF(F67:W67,">=4") -> 0
A12: =Players!$A$9 -> Jason Kimbo | B12: =Players!$B$9 -> Skull it and Pray | C12: =Players!$C$9 -> 17 | D12: =Players!$D$9 -> 9 | E12: Grp 4 · 11:20 AM | X12: =IF(COUNT(F12:W12)=0,"",SUM(F12:W12)) | Y12: =COUNT(F12:W12) -> 0 | Z12: =IF(COUNT(F12:W12)=0,"",SUM(F50:W50)) | AA12: =IF(COUNT(F12:W12)=0,"",SUM(F68:W68)) | AB12: =IF(COUNT(F12:W12)=0,"",C12+AA12) | AC12: =COUNTIF(F68:W68,">=4") -> 0
A13: =Players!$A$10 -> Spencer Friend | B13: =Players!$B$10 -> Skull it and Pray | C13: =Players!$C$10 -> 9 | D13: =Players!$D$10 -> 1 | E13: Grp 4 · 11:20 AM | X13: =IF(COUNT(F13:W13)=0,"",SUM(F13:W13)) | Y13: =COUNT(F13:W13) -> 0 | Z13: =IF(COUNT(F13:W13)=0,"",SUM(F51:W51)) | AA13: =IF(COUNT(F13:W13)=0,"",SUM(F69:W69)) | AB13: =IF(COUNT(F13:W13)=0,"",C13+AA13) | AC13: =COUNTIF(F69:W69,">=4") -> 0
A14: =Players!$A$11 -> Ben Young | B14: =Players!$B$11 -> Team 3 | C14: =Players!$C$11 -> 18 | D14: =Players!$D$11 -> 10 | E14: Grp 3 · 11:10 AM | X14: =IF(COUNT(F14:W14)=0,"",SUM(F14:W14)) | Y14: =COUNT(F14:W14) -> 0 | Z14: =IF(COUNT(F14:W14)=0,"",SUM(F52:W52)) | AA14: =IF(COUNT(F14:W14)=0,"",SUM(F70:W70)) | AB14: =IF(COUNT(F14:W14)=0,"",C14+AA14) | AC14: =COUNTIF(F70:W70,">=4") -> 0
A15: =Players!$A$12 -> Justin Conrad | B15: =Players!$B$12 -> Team 3 | C15: =Players!$C$12 -> 30 | D15: =Players!$D$12 -> 22 | E15: Grp 2 · 11:00 AM | X15: =IF(COUNT(F15:W15)=0,"",SUM(F15:W15)) | Y15: =COUNT(F15:W15) -> 0 | Z15: =IF(COUNT(F15:W15)=0,"",SUM(F53:W53)) | AA15: =IF(COUNT(F15:W15)=0,"",SUM(F71:W71)) | AB15: =IF(COUNT(F15:W15)=0,"",C15+AA15) | AC15: =COUNTIF(F71:W71,">=4") -> 0
A16: =Players!$A$13 -> Shawn McMaster | B16: =Players!$B$13 -> Team 3 | C16: =Players!$C$13 -> 19 | D16: =Players!$D$13 -> 11 | E16: Grp 1 · 10:50 AM | X16: =IF(COUNT(F16:W16)=0,"",SUM(F16:W16)) | Y16: =COUNT(F16:W16) -> 0 | Z16: =IF(COUNT(F16:W16)=0,"",SUM(F54:W54)) | AA16: =IF(COUNT(F16:W16)=0,"",SUM(F72:W72)) | AB16: =IF(COUNT(F16:W16)=0,"",C16+AA16) | AC16: =COUNTIF(F72:W72,">=4") -> 0
A17: =Players!$A$14 -> Ian Dempsey | B17: =Players!$B$14 -> Wydom’s Woodies | C17: =Players!$C$14 -> 21 | D17: =Players!$D$14 -> 13 | E17: Grp 3 · 11:10 AM | X17: =IF(COUNT(F17:W17)=0,"",SUM(F17:W17)) | Y17: =COUNT(F17:W17) -> 0 | Z17: =IF(COUNT(F17:W17)=0,"",SUM(F55:W55)) | AA17: =IF(COUNT(F17:W17)=0,"",SUM(F73:W73)) | AB17: =IF(COUNT(F17:W17)=0,"",C17+AA17) | AC17: =COUNTIF(F73:W73,">=4") -> 0
A18: =Players!$A$15 -> Nick Roy | B18: =Players!$B$15 -> Wydom’s Woodies | C18: =Players!$C$15 -> 21 | D18: =Players!$D$15 -> 13 | E18: Grp 4 · 11:20 AM | X18: =IF(COUNT(F18:W18)=0,"",SUM(F18:W18)) | Y18: =COUNT(F18:W18) -> 0 | Z18: =IF(COUNT(F18:W18)=0,"",SUM(F56:W56)) | AA18: =IF(COUNT(F18:W18)=0,"",SUM(F74:W74)) | AB18: =IF(COUNT(F18:W18)=0,"",C18+AA18) | AC18: =COUNTIF(F74:W74,">=4") -> 0
A19: =Players!$A$16 -> Henry Holst | B19: =Players!$B$16 -> Wydom’s Woodies | C19: =Players!$C$16 -> 19 | D19: =Players!$D$16 -> 11 | E19: Grp 2 · 11:00 AM | X19: =IF(COUNT(F19:W19)=0,"",SUM(F19:W19)) | Y19: =COUNT(F19:W19) -> 0 | Z19: =IF(COUNT(F19:W19)=0,"",SUM(F57:W57)) | AA19: =IF(COUNT(F19:W19)=0,"",SUM(F75:W75)) | AB19: =IF(COUNT(F19:W19)=0,"",C19+AA19) | AC19: =COUNTIF(F75:W75,">=4") -> 0
A20: =Players!$A$17 -> Chad Stone | B20: =Players!$B$17 -> Putting Balls in the Hole | C20: =Players!$C$17 -> 23 | D20: =Players!$D$17 -> 15 | E20: Grp 1 · 10:50 AM | X20: =IF(COUNT(F20:W20)=0,"",SUM(F20:W20)) | Y20: =COUNT(F20:W20) -> 0 | Z20: =IF(COUNT(F20:W20)=0,"",SUM(F58:W58)) | AA20: =IF(COUNT(F20:W20)=0,"",SUM(F76:W76)) | AB20: =IF(COUNT(F20:W20)=0,"",C20+AA20) | AC20: =COUNTIF(F76:W76,">=4") -> 0
A21: =Players!$A$18 -> Tom Devine | B21: =Players!$B$18 -> Putting Balls in the Hole | C21: =Players!$C$18 -> 17 | D21: =Players!$D$18 -> 9 | E21: Grp 2 · 11:00 AM | X21: =IF(COUNT(F21:W21)=0,"",SUM(F21:W21)) | Y21: =COUNT(F21:W21) -> 0 | Z21: =IF(COUNT(F21:W21)=0,"",SUM(F59:W59)) | AA21: =IF(COUNT(F21:W21)=0,"",SUM(F77:W77)) | AB21: =IF(COUNT(F21:W21)=0,"",C21+AA21) | AC21: =COUNTIF(F77:W77,">=4") -> 0
A22: =Players!$A$19 -> Mike Warenda | B22: =Players!$B$19 -> Putting Balls in the Hole | C22: =Players!$C$19 -> 21 | D22: =Players!$D$19 -> 13 | E22: Grp 3 · 11:10 AM | X22: =IF(COUNT(F22:W22)=0,"",SUM(F22:W22)) | Y22: =COUNT(F22:W22) -> 0 | Z22: =IF(COUNT(F22:W22)=0,"",SUM(F60:W60)) | AA22: =IF(COUNT(F22:W22)=0,"",SUM(F78:W78)) | AB22: =IF(COUNT(F22:W22)=0,"",C22+AA22) | AC22: =COUNTIF(F78:W78,">=4") -> 0
E24: Skin winner | F24: =IF(COUNT(F46:F60)<15,"",IF(COUNTIF(F46:F60,MIN(F46:F60))>1,"tie",INDEX($A$8:$A$22,MATCH(MIN(F46:F60),F46:F60,0)))) | G24: =IF(COUNT(G46:G60)<15,"",IF(COUNTIF(G46:G60,MIN(G46:G60))>1,"tie",INDEX($A$8:$A$22,MATCH(MIN(G46:G60),G46:G60,0)))) | H24: =IF(COUNT(H46:H60)<15,"",IF(COUNTIF(H46:H60,MIN(H46:H60))>1,"tie",INDEX($A$8:$A$22,MATCH(MIN(H46:H60),H46:H60,0)))) | I24: =IF(COUNT(I46:I60)<15,"",IF(COUNTIF(I46:I60,MIN(I46:I60))>1,"tie",INDEX($A$8:$A$22,MATCH(MIN(I46:I60),I46:I60,0)))) | J24: =IF(COUNT(J46:J60)<15,"",IF(COUNTIF(J46:J60,MIN(J46:J60))>1,"tie",INDEX($A$8:$A$22,MATCH(MIN(J46:J60),J46:J60,0)))) | K24: =IF(COUNT(K46:K60)<15,"",IF(COUNTIF(K46:K60,MIN(K46:K60))>1,"tie",INDEX($A$8:$A$22,MATCH(MIN(K46:K60),K46:K60,0)))) | L24: =IF(COUNT(L46:L60)<15,"",IF(COUNTIF(L46:L60,MIN(L46:L60))>1,"tie",INDEX($A$8:$A$22,MATCH(MIN(L46:L60),L46:L60,0)))) | M24: =IF(COUNT(M46:M60)<15,"",IF(COUNTIF(M46:M60,MIN(M46:M60))>1,"tie",INDEX($A$8:$A$22,MATCH(MIN(M46:M60),M46:M60,0)))) | ... W24: =IF(COUNT(W46:W60)<15,"",IF(COUNTIF(W46:W60,MIN(W46:W60))>1,"tie",INDEX($A$8:$A$22,MATCH(MIN(W46:W60),W46:W60,0))))
E25: Skins won | F25: =COUNTIF(F24:W24,"?*")-COUNTIF(F24:W24,"tie") -> 0 | H25: $ per skin | I25: =IF(F25=0,0,Leaderboard!$B$3/F25) -> 0
A27: Handicap strokes on each hole (automatic)
A28: =A8 -> Frank Barta | F28: =INT($D8/18)+IF(F$6<=MOD($D8,18),1,0) -> 0 | G28: =INT($D8/18)+IF(G$6<=MOD($D8,18),1,0) -> 0 | H28: =INT($D8/18)+IF(H$6<=MOD($D8,18),1,0) -> 0 | I28: =INT($D8/18)+IF(I$6<=MOD($D8,18),1,0) -> 0 | J28: =INT($D8/18)+IF(J$6<=MOD($D8,18),1,0) -> 0 | K28: =INT($D8/18)+IF(K$6<=MOD($D8,18),1,0) -> 0 | L28: =INT($D8/18)+IF(L$6<=MOD($D8,18),1,0) -> 0 | M28: =INT($D8/18)+IF(M$6<=MOD($D8,18),1,0) -> 0 | ... W28: =INT($D8/18)+IF(W$6<=MOD($D8,18),1,0) -> 0
A29: =A9 -> Marc Wydom | F29: =INT($D9/18)+IF(F$6<=MOD($D9,18),1,0) -> 1 | G29: =INT($D9/18)+IF(G$6<=MOD($D9,18),1,0) -> 0 | H29: =INT($D9/18)+IF(H$6<=MOD($D9,18),1,0) -> 0 | I29: =INT($D9/18)+IF(I$6<=MOD($D9,18),1,0) -> 0 | J29: =INT($D9/18)+IF(J$6<=MOD($D9,18),1,0) -> 0 | K29: =INT($D9/18)+IF(K$6<=MOD($D9,18),1,0) -> 1 | L29: =INT($D9/18)+IF(L$6<=MOD($D9,18),1,0) -> 0 | M29: =INT($D9/18)+IF(M$6<=MOD($D9,18),1,0) -> 1 | ... W29: =INT($D9/18)+IF(W$6<=MOD($D9,18),1,0) -> 1
A30: =A10 -> Donnie Muller | F30: =INT($D10/18)+IF(F$6<=MOD($D10,18),1,0) -> 1 | G30: =INT($D10/18)+IF(G$6<=MOD($D10,18),1,0) -> 1 | H30: =INT($D10/18)+IF(H$6<=MOD($D10,18),1,0) -> 1 | I30: =INT($D10/18)+IF(I$6<=MOD($D10,18),1,0) -> 0 | J30: =INT($D10/18)+IF(J$6<=MOD($D10,18),1,0) -> 0 | K30: =INT($D10/18)+IF(K$6<=MOD($D10,18),1,0) -> 1 | L30: =INT($D10/18)+IF(L$6<=MOD($D10,18),1,0) -> 0 | M30: =INT($D10/18)+IF(M$6<=MOD($D10,18),1,0) -> 1 | ... W30: =INT($D10/18)+IF(W$6<=MOD($D10,18),1,0) -> 1
A31: =A11 -> Tommy Duncan | F31: =INT($D11/18)+IF(F$6<=MOD($D11,18),1,0) -> 1 | G31: =INT($D11/18)+IF(G$6<=MOD($D11,18),1,0) -> 1 | H31: =INT($D11/18)+IF(H$6<=MOD($D11,18),1,0) -> 1 | I31: =INT($D11/18)+IF(I$6<=MOD($D11,18),1,0) -> 1 | J31: =INT($D11/18)+IF(J$6<=MOD($D11,18),1,0) -> 1 | K31: =INT($D11/18)+IF(K$6<=MOD($D11,18),1,0) -> 1 | L31: =INT($D11/18)+IF(L$6<=MOD($D11,18),1,0) -> 0 | M31: =INT($D11/18)+IF(M$6<=MOD($D11,18),1,0) -> 1 | ... W31: =INT($D11/18)+IF(W$6<=MOD($D11,18),1,0) -> 1
A32: =A12 -> Jason Kimbo | F32: =INT($D12/18)+IF(F$6<=MOD($D12,18),1,0) -> 1 | G32: =INT($D12/18)+IF(G$6<=MOD($D12,18),1,0) -> 0 | H32: =INT($D12/18)+IF(H$6<=MOD($D12,18),1,0) -> 1 | I32: =INT($D12/18)+IF(I$6<=MOD($D12,18),1,0) -> 0 | J32: =INT($D12/18)+IF(J$6<=MOD($D12,18),1,0) -> 0 | K32: =INT($D12/18)+IF(K$6<=MOD($D12,18),1,0) -> 1 | L32: =INT($D12/18)+IF(L$6<=MOD($D12,18),1,0) -> 0 | M32: =INT($D12/18)+IF(M$6<=MOD($D12,18),1,0) -> 1 | ... W32: =INT($D12/18)+IF(W$6<=MOD($D12,18),1,0) -> 1
A33: =A13 -> Spencer Friend | F33: =INT($D13/18)+IF(F$6<=MOD($D13,18),1,0) -> 0 | G33: =INT($D13/18)+IF(G$6<=MOD($D13,18),1,0) -> 0 | H33: =INT($D13/18)+IF(H$6<=MOD($D13,18),1,0) -> 0 | I33: =INT($D13/18)+IF(I$6<=MOD($D13,18),1,0) -> 0 | J33: =INT($D13/18)+IF(J$6<=MOD($D13,18),1,0) -> 0 | K33: =INT($D13/18)+IF(K$6<=MOD($D13,18),1,0) -> 0 | L33: =INT($D13/18)+IF(L$6<=MOD($D13,18),1,0) -> 0 | M33: =INT($D13/18)+IF(M$6<=MOD($D13,18),1,0) -> 1 | ... W33: =INT($D13/18)+IF(W$6<=MOD($D13,18),1,0) -> 0
A34: =A14 -> Ben Young | F34: =INT($D14/18)+IF(F$6<=MOD($D14,18),1,0) -> 1 | G34: =INT($D14/18)+IF(G$6<=MOD($D14,18),1,0) -> 0 | H34: =INT($D14/18)+IF(H$6<=MOD($D14,18),1,0) -> 1 | I34: =INT($D14/18)+IF(I$6<=MOD($D14,18),1,0) -> 0 | J34: =INT($D14/18)+IF(J$6<=MOD($D14,18),1,0) -> 0 | K34: =INT($D14/18)+IF(K$6<=MOD($D14,18),1,0) -> 1 | L34: =INT($D14/18)+IF(L$6<=MOD($D14,18),1,0) -> 0 | M34: =INT($D14/18)+IF(M$6<=MOD($D14,18),1,0) -> 1 | ... W34: =INT($D14/18)+IF(W$6<=MOD($D14,18),1,0) -> 1
A35: =A15 -> Justin Conrad | F35: =INT($D15/18)+IF(F$6<=MOD($D15,18),1,0) -> 1 | G35: =INT($D15/18)+IF(G$6<=MOD($D15,18),1,0) -> 1 | H35: =INT($D15/18)+IF(H$6<=MOD($D15,18),1,0) -> 1 | I35: =INT($D15/18)+IF(I$6<=MOD($D15,18),1,0) -> 1 | J35: =INT($D15/18)+IF(J$6<=MOD($D15,18),1,0) -> 1 | K35: =INT($D15/18)+IF(K$6<=MOD($D15,18),1,0) -> 1 | L35: =INT($D15/18)+IF(L$6<=MOD($D15,18),1,0) -> 1 | M35: =INT($D15/18)+IF(M$6<=MOD($D15,18),1,0) -> 2 | ... W35: =INT($D15/18)+IF(W$6<=MOD($D15,18),1,0) -> 2
A36: =A16 -> Shawn McMaster | F36: =INT($D16/18)+IF(F$6<=MOD($D16,18),1,0) -> 1 | G36: =INT($D16/18)+IF(G$6<=MOD($D16,18),1,0) -> 1 | H36: =INT($D16/18)+IF(H$6<=MOD($D16,18),1,0) -> 1 | I36: =INT($D16/18)+IF(I$6<=MOD($D16,18),1,0) -> 0 | J36: =INT($D16/18)+IF(J$6<=MOD($D16,18),1,0) -> 0 | K36: =INT($D16/18)+IF(K$6<=MOD($D16,18),1,0) -> 1 | L36: =INT($D16/18)+IF(L$6<=MOD($D16,18),1,0) -> 0 | M36: =INT($D16/18)+IF(M$6<=MOD($D16,18),1,0) -> 1 | ... W36: =INT($D16/18)+IF(W$6<=MOD($D16,18),1,0) -> 1
A37: =A17 -> Ian Dempsey | F37: =INT($D17/18)+IF(F$6<=MOD($D17,18),1,0) -> 1 | G37: =INT($D17/18)+IF(G$6<=MOD($D17,18),1,0) -> 1 | H37: =INT($D17/18)+IF(H$6<=MOD($D17,18),1,0) -> 1 | I37: =INT($D17/18)+IF(I$6<=MOD($D17,18),1,0) -> 0 | J37: =INT($D17/18)+IF(J$6<=MOD($D17,18),1,0) -> 1 | K37: =INT($D17/18)+IF(K$6<=MOD($D17,18),1,0) -> 1 | L37: =INT($D17/18)+IF(L$6<=MOD($D17,18),1,0) -> 0 | M37: =INT($D17/18)+IF(M$6<=MOD($D17,18),1,0) -> 1 | ... W37: =INT($D17/18)+IF(W$6<=MOD($D17,18),1,0) -> 1
A38: =A18 -> Nick Roy | F38: =INT($D18/18)+IF(F$6<=MOD($D18,18),1,0) -> 1 | G38: =INT($D18/18)+IF(G$6<=MOD($D18,18),1,0) -> 1 | H38: =INT($D18/18)+IF(H$6<=MOD($D18,18),1,0) -> 1 | I38: =INT($D18/18)+IF(I$6<=MOD($D18,18),1,0) -> 0 | J38: =INT($D18/18)+IF(J$6<=MOD($D18,18),1,0) -> 1 | K38: =INT($D18/18)+IF(K$6<=MOD($D18,18),1,0) -> 1 | L38: =INT($D18/18)+IF(L$6<=MOD($D18,18),1,0) -> 0 | M38: =INT($D18/18)+IF(M$6<=MOD($D18,18),1,0) -> 1 | ... W38: =INT($D18/18)+IF(W$6<=MOD($D18,18),1,0) -> 1
A39: =A19 -> Henry Holst | F39: =INT($D19/18)+IF(F$6<=MOD($D19,18),1,0) -> 1 | G39: =INT($D19/18)+IF(G$6<=MOD($D19,18),1,0) -> 1 | H39: =INT($D19/18)+IF(H$6<=MOD($D19,18),1,0) -> 1 | I39: =INT($D19/18)+IF(I$6<=MOD($D19,18),1,0) -> 0 | J39: =INT($D19/18)+IF(J$6<=MOD($D19,18),1,0) -> 0 | K39: =INT($D19/18)+IF(K$6<=MOD($D19,18),1,0) -> 1 | L39: =INT($D19/18)+IF(L$6<=MOD($D19,18),1,0) -> 0 | M39: =INT($D19/18)+IF(M$6<=MOD($D19,18),1,0) -> 1 | ... W39: =INT($D19/18)+IF(W$6<=MOD($D19,18),1,0) -> 1
... A42: =A22 -> Mike Warenda | F42: =INT($D22/18)+IF(F$6<=MOD($D22,18),1,0) -> 1 | G42: =INT($D22/18)+IF(G$6<=MOD($D22,18),1,0) -> 1 | H42: =INT($D22/18)+IF(H$6<=MOD($D22,18),1,0) -> 1 | I42: =INT($D22/18)+IF(I$6<=MOD($D22,18),1,0) -> 0 | J42: =INT($D22/18)+IF(J$6<=MOD($D22,18),1,0) -> 1 | K42: =INT($D22/18)+IF(K$6<=MOD($D22,18),1,0) -> 1 | L42: =INT($D22/18)+IF(L$6<=MOD($D22,18),1,0) -> 0 | M42: =INT($D22/18)+IF(M$6<=MOD($D22,18),1,0) -> 1 | ... W42: =INT($D22/18)+IF(W$6<=MOD($D22,18),1,0) -> 1
A45: Net score on each hole (gross minus strokes)
A46: =A8 -> Frank Barta | F46: =IF(ISNUMBER(F8),F8-F28,"") | G46: =IF(ISNUMBER(G8),G8-G28,"") | H46: =IF(ISNUMBER(H8),H8-H28,"") | I46: =IF(ISNUMBER(I8),I8-I28,"") | J46: =IF(ISNUMBER(J8),J8-J28,"") | K46: =IF(ISNUMBER(K8),K8-K28,"") | L46: =IF(ISNUMBER(L8),L8-L28,"") | M46: =IF(ISNUMBER(M8),M8-M28,"") | ... W46: =IF(ISNUMBER(W8),W8-W28,"")
A47: =A9 -> Marc Wydom | F47: =IF(ISNUMBER(F9),F9-F29,"") | G47: =IF(ISNUMBER(G9),G9-G29,"") | H47: =IF(ISNUMBER(H9),H9-H29,"") | I47: =IF(ISNUMBER(I9),I9-I29,"") | J47: =IF(ISNUMBER(J9),J9-J29,"") | K47: =IF(ISNUMBER(K9),K9-K29,"") | L47: =IF(ISNUMBER(L9),L9-L29,"") | M47: =IF(ISNUMBER(M9),M9-M29,"") | ... W47: =IF(ISNUMBER(W9),W9-W29,"")
A48: =A10 -> Donnie Muller | F48: =IF(ISNUMBER(F10),F10-F30,"") | G48: =IF(ISNUMBER(G10),G10-G30,"") | H48: =IF(ISNUMBER(H10),H10-H30,"") | I48: =IF(ISNUMBER(I10),I10-I30,"") | J48: =IF(ISNUMBER(J10),J10-J30,"") | K48: =IF(ISNUMBER(K10),K10-K30,"") | L48: =IF(ISNUMBER(L10),L10-L30,"") | M48: =IF(ISNUMBER(M10),M10-M30,"") | ... W48: =IF(ISNUMBER(W10),W10-W30,"")
A49: =A11 -> Tommy Duncan | F49: =IF(ISNUMBER(F11),F11-F31,"") | G49: =IF(ISNUMBER(G11),G11-G31,"") | H49: =IF(ISNUMBER(H11),H11-H31,"") | I49: =IF(ISNUMBER(I11),I11-I31,"") | J49: =IF(ISNUMBER(J11),J11-J31,"") | K49: =IF(ISNUMBER(K11),K11-K31,"") | L49: =IF(ISNUMBER(L11),L11-L31,"") | M49: =IF(ISNUMBER(M11),M11-M31,"") | ... W49: =IF(ISNUMBER(W11),W11-W31,"")
A50: =A12 -> Jason Kimbo | F50: =IF(ISNUMBER(F12),F12-F32,"") | G50: =IF(ISNUMBER(G12),G12-G32,"") | H50: =IF(ISNUMBER(H12),H12-H32,"") | I50: =IF(ISNUMBER(I12),I12-I32,"") | J50: =IF(ISNUMBER(J12),J12-J32,"") | K50: =IF(ISNUMBER(K12),K12-K32,"") | L50: =IF(ISNUMBER(L12),L12-L32,"") | M50: =IF(ISNUMBER(M12),M12-M32,"") | ... W50: =IF(ISNUMBER(W12),W12-W32,"")
A51: =A13 -> Spencer Friend | F51: =IF(ISNUMBER(F13),F13-F33,"") | G51: =IF(ISNUMBER(G13),G13-G33,"") | H51: =IF(ISNUMBER(H13),H13-H33,"") | I51: =IF(ISNUMBER(I13),I13-I33,"") | J51: =IF(ISNUMBER(J13),J13-J33,"") | K51: =IF(ISNUMBER(K13),K13-K33,"") | L51: =IF(ISNUMBER(L13),L13-L33,"") | M51: =IF(ISNUMBER(M13),M13-M33,"") | ... W51: =IF(ISNUMBER(W13),W13-W33,"")
A52: =A14 -> Ben Young | F52: =IF(ISNUMBER(F14),F14-F34,"") | G52: =IF(ISNUMBER(G14),G14-G34,"") | H52: =IF(ISNUMBER(H14),H14-H34,"") | I52: =IF(ISNUMBER(I14),I14-I34,"") | J52: =IF(ISNUMBER(J14),J14-J34,"") | K52: =IF(ISNUMBER(K14),K14-K34,"") | L52: =IF(ISNUMBER(L14),L14-L34,"") | M52: =IF(ISNUMBER(M14),M14-M34,"") | ... W52: =IF(ISNUMBER(W14),W14-W34,"")
A53: =A15 -> Justin Conrad | F53: =IF(ISNUMBER(F15),F15-F35,"") | G53: =IF(ISNUMBER(G15),G15-G35,"") | H53: =IF(ISNUMBER(H15),H15-H35,"") | I53: =IF(ISNUMBER(I15),I15-I35,"") | J53: =IF(ISNUMBER(J15),J15-J35,"") | K53: =IF(ISNUMBER(K15),K15-K35,"") | L53: =IF(ISNUMBER(L15),L15-L35,"") | M53: =IF(ISNUMBER(M15),M15-M35,"") | ... W53: =IF(ISNUMBER(W15),W15-W35,"")
A54: =A16 -> Shawn McMaster | F54: =IF(ISNUMBER(F16),F16-F36,"") | G54: =IF(ISNUMBER(G16),G16-G36,"") | H54: =IF(ISNUMBER(H16),H16-H36,"") | I54: =IF(ISNUMBER(I16),I16-I36,"") | J54: =IF(ISNUMBER(J16),J16-J36,"") | K54: =IF(ISNUMBER(K16),K16-K36,"") | L54: =IF(ISNUMBER(L16),L16-L36,"") | M54: =IF(ISNUMBER(M16),M16-M36,"") | ... W54: =IF(ISNUMBER(W16),W16-W36,"")
A55: =A17 -> Ian Dempsey | F55: =IF(ISNUMBER(F17),F17-F37,"") | G55: =IF(ISNUMBER(G17),G17-G37,"") | H55: =IF(ISNUMBER(H17),H17-H37,"") | I55: =IF(ISNUMBER(I17),I17-I37,"") | J55: =IF(ISNUMBER(J17),J17-J37,"") | K55: =IF(ISNUMBER(K17),K17-K37,"") | L55: =IF(ISNUMBER(L17),L17-L37,"") | M55: =IF(ISNUMBER(M17),M17-M37,"") | ... W55: =IF(ISNUMBER(W17),W17-W37,"")
A56: =A18 -> Nick Roy | F56: =IF(ISNUMBER(F18),F18-F38,"") | G56: =IF(ISNUMBER(G18),G18-G38,"") | H56: =IF(ISNUMBER(H18),H18-H38,"") | I56: =IF(ISNUMBER(I18),I18-I38,"") | J56: =IF(ISNUMBER(J18),J18-J38,"") | K56: =IF(ISNUMBER(K18),K18-K38,"") | L56: =IF(ISNUMBER(L18),L18-L38,"") | M56: =IF(ISNUMBER(M18),M18-M38,"") | ... W56: =IF(ISNUMBER(W18),W18-W38,"")
A57: =A19 -> Henry Holst | F57: =IF(ISNUMBER(F19),F19-F39,"") | G57: =IF(ISNUMBER(G19),G19-G39,"") | H57: =IF(ISNUMBER(H19),H19-H39,"") | I57: =IF(ISNUMBER(I19),I19-I39,"") | J57: =IF(ISNUMBER(J19),J19-J39,"") | K57: =IF(ISNUMBER(K19),K19-K39,"") | L57: =IF(ISNUMBER(L19),L19-L39,"") | M57: =IF(ISNUMBER(M19),M19-M39,"") | ... W57: =IF(ISNUMBER(W19),W19-W39,"")
... A60: =A22 -> Mike Warenda | F60: =IF(ISNUMBER(F22),F22-F42,"") | G60: =IF(ISNUMBER(G22),G22-G42,"") | H60: =IF(ISNUMBER(H22),H22-H42,"") | I60: =IF(ISNUMBER(I22),I22-I42,"") | J60: =IF(ISNUMBER(J22),J22-J42,"") | K60: =IF(ISNUMBER(K22),K22-K42,"") | L60: =IF(ISNUMBER(L22),L22-L42,"") | M60: =IF(ISNUMBER(M22),M22-M42,"") | ... W60: =IF(ISNUMBER(W22),W22-W42,"")
A63: Mankles points on each hole (gross vs par: eagle+ 8, birdie 4, par 2, bogey 1, double 0, triple+ −1)
A64: =A8 -> Frank Barta | F64: =IF(ISNUMBER(F8),IF((F8-F$5)<=-2,8,IF((F8-F$5)=-1,4,IF((F8-F$5)=0,2,IF((F8-F$5)=1,1,IF((F8-F$5)=2,0,-1))))),"") | G64: =IF(ISNUMBER(G8),IF((G8-G$5)<=-2,8,IF((G8-G$5)=-1,4,IF((G8-G$5)=0,2,IF((G8-G$5)=1,1,IF((G8-G$5)=2,0,-1))))),"") | H64: =IF(ISNUMBER(H8),IF((H8-H$5)<=-2,8,IF((H8-H$5)=-1,4,IF((H8-H$5)=0,2,IF((H8-H$5)=1,1,IF((H8-H$5)=2,0,-1))))),"") | I64: =IF(ISNUMBER(I8),IF((I8-I$5)<=-2,8,IF((I8-I$5)=-1,4,IF((I8-I$5)=0,2,IF((I8-I$5)=1,1,IF((I8-I$5)=2,0,-1))))),"") | J64: =IF(ISNUMBER(J8),IF((J8-J$5)<=-2,8,IF((J8-J$5)=-1,4,IF((J8-J$5)=0,2,IF((J8-J$5)=1,1,IF((J8-J$5)=2,0,-1))))),"") | K64: =IF(ISNUMBER(K8),IF((K8-K$5)<=-2,8,IF((K8-K$5)=-1,4,IF((K8-K$5)=0,2,IF((K8-K$5)=1,1,IF((K8-K$5)=2,0,-1))))),"") | L64: =IF(ISNUMBER(L8),IF((L8-L$5)<=-2,8,IF((L8-L$5)=-1,4,IF((L8-L$5)=0,2,IF((L8-L$5)=1,1,IF((L8-L$5)=2,0,-1))))),"") | M64: =IF(ISNUMBER(M8),IF((M8-M$5)<=-2,8,IF((M8-M$5)=-1,4,IF((M8-M$5)=0,2,IF((M8-M$5)=1,1,IF((M8-M$5)=2,0,-1))))),"") | ... W64: =IF(ISNUMBER(W8),IF((W8-W$5)<=-2,8,IF((W8-W$5)=-1,4,IF((W8-W$5)=0,2,IF((W8-W$5)=1,1,IF((W8-W$5)=2,0,-1))))),"")
A65: =A9 -> Marc Wydom | F65: =IF(ISNUMBER(F9),IF((F9-F$5)<=-2,8,IF((F9-F$5)=-1,4,IF((F9-F$5)=0,2,IF((F9-F$5)=1,1,IF((F9-F$5)=2,0,-1))))),"") | G65: =IF(ISNUMBER(G9),IF((G9-G$5)<=-2,8,IF((G9-G$5)=-1,4,IF((G9-G$5)=0,2,IF((G9-G$5)=1,1,IF((G9-G$5)=2,0,-1))))),"") | H65: =IF(ISNUMBER(H9),IF((H9-H$5)<=-2,8,IF((H9-H$5)=-1,4,IF((H9-H$5)=0,2,IF((H9-H$5)=1,1,IF((H9-H$5)=2,0,-1))))),"") | I65: =IF(ISNUMBER(I9),IF((I9-I$5)<=-2,8,IF((I9-I$5)=-1,4,IF((I9-I$5)=0,2,IF((I9-I$5)=1,1,IF((I9-I$5)=2,0,-1))))),"") | J65: =IF(ISNUMBER(J9),IF((J9-J$5)<=-2,8,IF((J9-J$5)=-1,4,IF((J9-J$5)=0,2,IF((J9-J$5)=1,1,IF((J9-J$5)=2,0,-1))))),"") | K65: =IF(ISNUMBER(K9),IF((K9-K$5)<=-2,8,IF((K9-K$5)=-1,4,IF((K9-K$5)=0,2,IF((K9-K$5)=1,1,IF((K9-K$5)=2,0,-1))))),"") | L65: =IF(ISNUMBER(L9),IF((L9-L$5)<=-2,8,IF((L9-L$5)=-1,4,IF((L9-L$5)=0,2,IF((L9-L$5)=1,1,IF((L9-L$5)=2,0,-1))))),"") | M65: =IF(ISNUMBER(M9),IF((M9-M$5)<=-2,8,IF((M9-M$5)=-1,4,IF((M9-M$5)=0,2,IF((M9-M$5)=1,1,IF((M9-M$5)=2,0,-1))))),"") | ... W65: =IF(ISNUMBER(W9),IF((W9-W$5)<=-2,8,IF((W9-W$5)=-1,4,IF((W9-W$5)=0,2,IF((W9-W$5)=1,1,IF((W9-W$5)=2,0,-1))))),"")
A66: =A10 -> Donnie Muller | F66: =IF(ISNUMBER(F10),IF((F10-F$5)<=-2,8,IF((F10-F$5)=-1,4,IF((F10-F$5)=0,2,IF((F10-F$5)=1,1,IF((F10-F$5)=2,0,-1))))),"") | G66: =IF(ISNUMBER(G10),IF((G10-G$5)<=-2,8,IF((G10-G$5)=-1,4,IF((G10-G$5)=0,2,IF((G10-G$5)=1,1,IF((G10-G$5)=2,0,-1))))),"") | H66: =IF(ISNUMBER(H10),IF((H10-H$5)<=-2,8,IF((H10-H$5)=-1,4,IF((H10-H$5)=0,2,IF((H10-H$5)=1,1,IF((H10-H$5)=2,0,-1))))),"") | I66: =IF(ISNUMBER(I10),IF((I10-I$5)<=-2,8,IF((I10-I$5)=-1,4,IF((I10-I$5)=0,2,IF((I10-I$5)=1,1,IF((I10-I$5)=2,0,-1))))),"") | J66: =IF(ISNUMBER(J10),IF((J10-J$5)<=-2,8,IF((J10-J$5)=-1,4,IF((J10-J$5)=0,2,IF((J10-J$5)=1,1,IF((J10-J$5)=2,0,-1))))),"") | K66: =IF(ISNUMBER(K10),IF((K10-K$5)<=-2,8,IF((K10-K$5)=-1,4,IF((K10-K$5)=0,2,IF((K10-K$5)=1,1,IF((K10-K$5)=2,0,-1))))),"") | L66: =IF(ISNUMBER(L10),IF((L10-L$5)<=-2,8,IF((L10-L$5)=-1,4,IF((L10-L$5)=0,2,IF((L10-L$5)=1,1,IF((L10-L$5)=2,0,-1))))),"") | M66: =IF(ISNUMBER(M10),IF((M10-M$5)<=-2,8,IF((M10-M$5)=-1,4,IF((M10-M$5)=0,2,IF((M10-M$5)=1,1,IF((M10-M$5)=2,0,-1))))),"") | ... W66: =IF(ISNUMBER(W10),IF((W10-W$5)<=-2,8,IF((W10-W$5)=-1,4,IF((W10-W$5)=0,2,IF((W10-W$5)=1,1,IF((W10-W$5)=2,0,-1))))),"")
A67: =A11 -> Tommy Duncan | F67: =IF(ISNUMBER(F11),IF((F11-F$5)<=-2,8,IF((F11-F$5)=-1,4,IF((F11-F$5)=0,2,IF((F11-F$5)=1,1,IF((F11-F$5)=2,0,-1))))),"") | G67: =IF(ISNUMBER(G11),IF((G11-G$5)<=-2,8,IF((G11-G$5)=-1,4,IF((G11-G$5)=0,2,IF((G11-G$5)=1,1,IF((G11-G$5)=2,0,-1))))),"") | H67: =IF(ISNUMBER(H11),IF((H11-H$5)<=-2,8,IF((H11-H$5)=-1,4,IF((H11-H$5)=0,2,IF((H11-H$5)=1,1,IF((H11-H$5)=2,0,-1))))),"") | I67: =IF(ISNUMBER(I11),IF((I11-I$5)<=-2,8,IF((I11-I$5)=-1,4,IF((I11-I$5)=0,2,IF((I11-I$5)=1,1,IF((I11-I$5)=2,0,-1))))),"") | J67: =IF(ISNUMBER(J11),IF((J11-J$5)<=-2,8,IF((J11-J$5)=-1,4,IF((J11-J$5)=0,2,IF((J11-J$5)=1,1,IF((J11-J$5)=2,0,-1))))),"") | K67: =IF(ISNUMBER(K11),IF((K11-K$5)<=-2,8,IF((K11-K$5)=-1,4,IF((K11-K$5)=0,2,IF((K11-K$5)=1,1,IF((K11-K$5)=2,0,-1))))),"") | L67: =IF(ISNUMBER(L11),IF((L11-L$5)<=-2,8,IF((L11-L$5)=-1,4,IF((L11-L$5)=0,2,IF((L11-L$5)=1,1,IF((L11-L$5)=2,0,-1))))),"") | M67: =IF(ISNUMBER(M11),IF((M11-M$5)<=-2,8,IF((M11-M$5)=-1,4,IF((M11-M$5)=0,2,IF((M11-M$5)=1,1,IF((M11-M$5)=2,0,-1))))),"") | ... W67: =IF(ISNUMBER(W11),IF((W11-W$5)<=-2,8,IF((W11-W$5)=-1,4,IF((W11-W$5)=0,2,IF((W11-W$5)=1,1,IF((W11-W$5)=2,0,-1))))),"")
A68: =A12 -> Jason Kimbo | F68: =IF(ISNUMBER(F12),IF((F12-F$5)<=-2,8,IF((F12-F$5)=-1,4,IF((F12-F$5)=0,2,IF((F12-F$5)=1,1,IF((F12-F$5)=2,0,-1))))),"") | G68: =IF(ISNUMBER(G12),IF((G12-G$5)<=-2,8,IF((G12-G$5)=-1,4,IF((G12-G$5)=0,2,IF((G12-G$5)=1,1,IF((G12-G$5)=2,0,-1))))),"") | H68: =IF(ISNUMBER(H12),IF((H12-H$5)<=-2,8,IF((H12-H$5)=-1,4,IF((H12-H$5)=0,2,IF((H12-H$5)=1,1,IF((H12-H$5)=2,0,-1))))),"") | I68: =IF(ISNUMBER(I12),IF((I12-I$5)<=-2,8,IF((I12-I$5)=-1,4,IF((I12-I$5)=0,2,IF((I12-I$5)=1,1,IF((I12-I$5)=2,0,-1))))),"") | J68: =IF(ISNUMBER(J12),IF((J12-J$5)<=-2,8,IF((J12-J$5)=-1,4,IF((J12-J$5)=0,2,IF((J12-J$5)=1,1,IF((J12-J$5)=2,0,-1))))),"") | K68: =IF(ISNUMBER(K12),IF((K12-K$5)<=-2,8,IF((K12-K$5)=-1,4,IF((K12-K$5)=0,2,IF((K12-K$5)=1,1,IF((K12-K$5)=2,0,-1))))),"") | L68: =IF(ISNUMBER(L12),IF((L12-L$5)<=-2,8,IF((L12-L$5)=-1,4,IF((L12-L$5)=0,2,IF((L12-L$5)=1,1,IF((L12-L$5)=2,0,-1))))),"") | M68: =IF(ISNUMBER(M12),IF((M12-M$5)<=-2,8,IF((M12-M$5)=-1,4,IF((M12-M$5)=0,2,IF((M12-M$5)=1,1,IF((M12-M$5)=2,0,-1))))),"") | ... W68: =IF(ISNUMBER(W12),IF((W12-W$5)<=-2,8,IF((W12-W$5)=-1,4,IF((W12-W$5)=0,2,IF((W12-W$5)=1,1,IF((W12-W$5)=2,0,-1))))),"")
A69: =A13 -> Spencer Friend | F69: =IF(ISNUMBER(F13),IF((F13-F$5)<=-2,8,IF((F13-F$5)=-1,4,IF((F13-F$5)=0,2,IF((F13-F$5)=1,1,IF((F13-F$5)=2,0,-1))))),"") | G69: =IF(ISNUMBER(G13),IF((G13-G$5)<=-2,8,IF((G13-G$5)=-1,4,IF((G13-G$5)=0,2,IF((G13-G$5)=1,1,IF((G13-G$5)=2,0,-1))))),"") | H69: =IF(ISNUMBER(H13),IF((H13-H$5)<=-2,8,IF((H13-H$5)=-1,4,IF((H13-H$5)=0,2,IF((H13-H$5)=1,1,IF((H13-H$5)=2,0,-1))))),"") | I69: =IF(ISNUMBER(I13),IF((I13-I$5)<=-2,8,IF((I13-I$5)=-1,4,IF((I13-I$5)=0,2,IF((I13-I$5)=1,1,IF((I13-I$5)=2,0,-1))))),"") | J69: =IF(ISNUMBER(J13),IF((J13-J$5)<=-2,8,IF((J13-J$5)=-1,4,IF((J13-J$5)=0,2,IF((J13-J$5)=1,1,IF((J13-J$5)=2,0,-1))))),"") | K69: =IF(ISNUMBER(K13),IF((K13-K$5)<=-2,8,IF((K13-K$5)=-1,4,IF((K13-K$5)=0,2,IF((K13-K$5)=1,1,IF((K13-K$5)=2,0,-1))))),"") | L69: =IF(ISNUMBER(L13),IF((L13-L$5)<=-2,8,IF((L13-L$5)=-1,4,IF((L13-L$5)=0,2,IF((L13-L$5)=1,1,IF((L13-L$5)=2,0,-1))))),"") | M69: =IF(ISNUMBER(M13),IF((M13-M$5)<=-2,8,IF((M13-M$5)=-1,4,IF((M13-M$5)=0,2,IF((M13-M$5)=1,1,IF((M13-M$5)=2,0,-1))))),"") | ... W69: =IF(ISNUMBER(W13),IF((W13-W$5)<=-2,8,IF((W13-W$5)=-1,4,IF((W13-W$5)=0,2,IF((W13-W$5)=1,1,IF((W13-W$5)=2,0,-1))))),"")
A70: =A14 -> Ben Young | F70: =IF(ISNUMBER(F14),IF((F14-F$5)<=-2,8,IF((F14-F$5)=-1,4,IF((F14-F$5)=0,2,IF((F14-F$5)=1,1,IF((F14-F$5)=2,0,-1))))),"") | G70: =IF(ISNUMBER(G14),IF((G14-G$5)<=-2,8,IF((G14-G$5)=-1,4,IF((G14-G$5)=0,2,IF((G14-G$5)=1,1,IF((G14-G$5)=2,0,-1))))),"") | H70: =IF(ISNUMBER(H14),IF((H14-H$5)<=-2,8,IF((H14-H$5)=-1,4,IF((H14-H$5)=0,2,IF((H14-H$5)=1,1,IF((H14-H$5)=2,0,-1))))),"") | I70: =IF(ISNUMBER(I14),IF((I14-I$5)<=-2,8,IF((I14-I$5)=-1,4,IF((I14-I$5)=0,2,IF((I14-I$5)=1,1,IF((I14-I$5)=2,0,-1))))),"") | J70: =IF(ISNUMBER(J14),IF((J14-J$5)<=-2,8,IF((J14-J$5)=-1,4,IF((J14-J$5)=0,2,IF((J14-J$5)=1,1,IF((J14-J$5)=2,0,-1))))),"") | K70: =IF(ISNUMBER(K14),IF((K14-K$5)<=-2,8,IF((K14-K$5)=-1,4,IF((K14-K$5)=0,2,IF((K14-K$5)=1,1,IF((K14-K$5)=2,0,-1))))),"") | L70: =IF(ISNUMBER(L14),IF((L14-L$5)<=-2,8,IF((L14-L$5)=-1,4,IF((L14-L$5)=0,2,IF((L14-L$5)=1,1,IF((L14-L$5)=2,0,-1))))),"") | M70: =IF(ISNUMBER(M14),IF((M14-M$5)<=-2,8,IF((M14-M$5)=-1,4,IF((M14-M$5)=0,2,IF((M14-M$5)=1,1,IF((M14-M$5)=2,0,-1))))),"") | ... W70: =IF(ISNUMBER(W14),IF((W14-W$5)<=-2,8,IF((W14-W$5)=-1,4,IF((W14-W$5)=0,2,IF((W14-W$5)=1,1,IF((W14-W$5)=2,0,-1))))),"")
A71: =A15 -> Justin Conrad | F71: =IF(ISNUMBER(F15),IF((F15-F$5)<=-2,8,IF((F15-F$5)=-1,4,IF((F15-F$5)=0,2,IF((F15-F$5)=1,1,IF((F15-F$5)=2,0,-1))))),"") | G71: =IF(ISNUMBER(G15),IF((G15-G$5)<=-2,8,IF((G15-G$5)=-1,4,IF((G15-G$5)=0,2,IF((G15-G$5)=1,1,IF((G15-G$5)=2,0,-1))))),"") | H71: =IF(ISNUMBER(H15),IF((H15-H$5)<=-2,8,IF((H15-H$5)=-1,4,IF((H15-H$5)=0,2,IF((H15-H$5)=1,1,IF((H15-H$5)=2,0,-1))))),"") | I71: =IF(ISNUMBER(I15),IF((I15-I$5)<=-2,8,IF((I15-I$5)=-1,4,IF((I15-I$5)=0,2,IF((I15-I$5)=1,1,IF((I15-I$5)=2,0,-1))))),"") | J71: =IF(ISNUMBER(J15),IF((J15-J$5)<=-2,8,IF((J15-J$5)=-1,4,IF((J15-J$5)=0,2,IF((J15-J$5)=1,1,IF((J15-J$5)=2,0,-1))))),"") | K71: =IF(ISNUMBER(K15),IF((K15-K$5)<=-2,8,IF((K15-K$5)=-1,4,IF((K15-K$5)=0,2,IF((K15-K$5)=1,1,IF((K15-K$5)=2,0,-1))))),"") | L71: =IF(ISNUMBER(L15),IF((L15-L$5)<=-2,8,IF((L15-L$5)=-1,4,IF((L15-L$5)=0,2,IF((L15-L$5)=1,1,IF((L15-L$5)=2,0,-1))))),"") | M71: =IF(ISNUMBER(M15),IF((M15-M$5)<=-2,8,IF((M15-M$5)=-1,4,IF((M15-M$5)=0,2,IF((M15-M$5)=1,1,IF((M15-M$5)=2,0,-1))))),"") | ... W71: =IF(ISNUMBER(W15),IF((W15-W$5)<=-2,8,IF((W15-W$5)=-1,4,IF((W15-W$5)=0,2,IF((W15-W$5)=1,1,IF((W15-W$5)=2,0,-1))))),"")
A72: =A16 -> Shawn McMaster | F72: =IF(ISNUMBER(F16),IF((F16-F$5)<=-2,8,IF((F16-F$5)=-1,4,IF((F16-F$5)=0,2,IF((F16-F$5)=1,1,IF((F16-F$5)=2,0,-1))))),"") | G72: =IF(ISNUMBER(G16),IF((G16-G$5)<=-2,8,IF((G16-G$5)=-1,4,IF((G16-G$5)=0,2,IF((G16-G$5)=1,1,IF((G16-G$5)=2,0,-1))))),"") | H72: =IF(ISNUMBER(H16),IF((H16-H$5)<=-2,8,IF((H16-H$5)=-1,4,IF((H16-H$5)=0,2,IF((H16-H$5)=1,1,IF((H16-H$5)=2,0,-1))))),"") | I72: =IF(ISNUMBER(I16),IF((I16-I$5)<=-2,8,IF((I16-I$5)=-1,4,IF((I16-I$5)=0,2,IF((I16-I$5)=1,1,IF((I16-I$5)=2,0,-1))))),"") | J72: =IF(ISNUMBER(J16),IF((J16-J$5)<=-2,8,IF((J16-J$5)=-1,4,IF((J16-J$5)=0,2,IF((J16-J$5)=1,1,IF((J16-J$5)=2,0,-1))))),"") | K72: =IF(ISNUMBER(K16),IF((K16-K$5)<=-2,8,IF((K16-K$5)=-1,4,IF((K16-K$5)=0,2,IF((K16-K$5)=1,1,IF((K16-K$5)=2,0,-1))))),"") | L72: =IF(ISNUMBER(L16),IF((L16-L$5)<=-2,8,IF((L16-L$5)=-1,4,IF((L16-L$5)=0,2,IF((L16-L$5)=1,1,IF((L16-L$5)=2,0,-1))))),"") | M72: =IF(ISNUMBER(M16),IF((M16-M$5)<=-2,8,IF((M16-M$5)=-1,4,IF((M16-M$5)=0,2,IF((M16-M$5)=1,1,IF((M16-M$5)=2,0,-1))))),"") | ... W72: =IF(ISNUMBER(W16),IF((W16-W$5)<=-2,8,IF((W16-W$5)=-1,4,IF((W16-W$5)=0,2,IF((W16-W$5)=1,1,IF((W16-W$5)=2,0,-1))))),"")
A73: =A17 -> Ian Dempsey | F73: =IF(ISNUMBER(F17),IF((F17-F$5)<=-2,8,IF((F17-F$5)=-1,4,IF((F17-F$5)=0,2,IF((F17-F$5)=1,1,IF((F17-F$5)=2,0,-1))))),"") | G73: =IF(ISNUMBER(G17),IF((G17-G$5)<=-2,8,IF((G17-G$5)=-1,4,IF((G17-G$5)=0,2,IF((G17-G$5)=1,1,IF((G17-G$5)=2,0,-1))))),"") | H73: =IF(ISNUMBER(H17),IF((H17-H$5)<=-2,8,IF((H17-H$5)=-1,4,IF((H17-H$5)=0,2,IF((H17-H$5)=1,1,IF((H17-H$5)=2,0,-1))))),"") | I73: =IF(ISNUMBER(I17),IF((I17-I$5)<=-2,8,IF((I17-I$5)=-1,4,IF((I17-I$5)=0,2,IF((I17-I$5)=1,1,IF((I17-I$5)=2,0,-1))))),"") | J73: =IF(ISNUMBER(J17),IF((J17-J$5)<=-2,8,IF((J17-J$5)=-1,4,IF((J17-J$5)=0,2,IF((J17-J$5)=1,1,IF((J17-J$5)=2,0,-1))))),"") | K73: =IF(ISNUMBER(K17),IF((K17-K$5)<=-2,8,IF((K17-K$5)=-1,4,IF((K17-K$5)=0,2,IF((K17-K$5)=1,1,IF((K17-K$5)=2,0,-1))))),"") | L73: =IF(ISNUMBER(L17),IF((L17-L$5)<=-2,8,IF((L17-L$5)=-1,4,IF((L17-L$5)=0,2,IF((L17-L$5)=1,1,IF((L17-L$5)=2,0,-1))))),"") | M73: =IF(ISNUMBER(M17),IF((M17-M$5)<=-2,8,IF((M17-M$5)=-1,4,IF((M17-M$5)=0,2,IF((M17-M$5)=1,1,IF((M17-M$5)=2,0,-1))))),"") | ... W73: =IF(ISNUMBER(W17),IF((W17-W$5)<=-2,8,IF((W17-W$5)=-1,4,IF((W17-W$5)=0,2,IF((W17-W$5)=1,1,IF((W17-W$5)=2,0,-1))))),"")
A74: =A18 -> Nick Roy | F74: =IF(ISNUMBER(F18),IF((F18-F$5)<=-2,8,IF((F18-F$5)=-1,4,IF((F18-F$5)=0,2,IF((F18-F$5)=1,1,IF((F18-F$5)=2,0,-1))))),"") | G74: =IF(ISNUMBER(G18),IF((G18-G$5)<=-2,8,IF((G18-G$5)=-1,4,IF((G18-G$5)=0,2,IF((G18-G$5)=1,1,IF((G18-G$5)=2,0,-1))))),"") | H74: =IF(ISNUMBER(H18),IF((H18-H$5)<=-2,8,IF((H18-H$5)=-1,4,IF((H18-H$5)=0,2,IF((H18-H$5)=1,1,IF((H18-H$5)=2,0,-1))))),"") | I74: =IF(ISNUMBER(I18),IF((I18-I$5)<=-2,8,IF((I18-I$5)=-1,4,IF((I18-I$5)=0,2,IF((I18-I$5)=1,1,IF((I18-I$5)=2,0,-1))))),"") | J74: =IF(ISNUMBER(J18),IF((J18-J$5)<=-2,8,IF((J18-J$5)=-1,4,IF((J18-J$5)=0,2,IF((J18-J$5)=1,1,IF((J18-J$5)=2,0,-1))))),"") | K74: =IF(ISNUMBER(K18),IF((K18-K$5)<=-2,8,IF((K18-K$5)=-1,4,IF((K18-K$5)=0,2,IF((K18-K$5)=1,1,IF((K18-K$5)=2,0,-1))))),"") | L74: =IF(ISNUMBER(L18),IF((L18-L$5)<=-2,8,IF((L18-L$5)=-1,4,IF((L18-L$5)=0,2,IF((L18-L$5)=1,1,IF((L18-L$5)=2,0,-1))))),"") | M74: =IF(ISNUMBER(M18),IF((M18-M$5)<=-2,8,IF((M18-M$5)=-1,4,IF((M18-M$5)=0,2,IF((M18-M$5)=1,1,IF((M18-M$5)=2,0,-1))))),"") | ... W74: =IF(ISNUMBER(W18),IF((W18-W$5)<=-2,8,IF((W18-W$5)=-1,4,IF((W18-W$5)=0,2,IF((W18-W$5)=1,1,IF((W18-W$5)=2,0,-1))))),"")
A75: =A19 -> Henry Holst | F75: =IF(ISNUMBER(F19),IF((F19-F$5)<=-2,8,IF((F19-F$5)=-1,4,IF((F19-F$5)=0,2,IF((F19-F$5)=1,1,IF((F19-F$5)=2,0,-1))))),"") | G75: =IF(ISNUMBER(G19),IF((G19-G$5)<=-2,8,IF((G19-G$5)=-1,4,IF((G19-G$5)=0,2,IF((G19-G$5)=1,1,IF((G19-G$5)=2,0,-1))))),"") | H75: =IF(ISNUMBER(H19),IF((H19-H$5)<=-2,8,IF((H19-H$5)=-1,4,IF((H19-H$5)=0,2,IF((H19-H$5)=1,1,IF((H19-H$5)=2,0,-1))))),"") | I75: =IF(ISNUMBER(I19),IF((I19-I$5)<=-2,8,IF((I19-I$5)=-1,4,IF((I19-I$5)=0,2,IF((I19-I$5)=1,1,IF((I19-I$5)=2,0,-1))))),"") | J75: =IF(ISNUMBER(J19),IF((J19-J$5)<=-2,8,IF((J19-J$5)=-1,4,IF((J19-J$5)=0,2,IF((J19-J$5)=1,1,IF((J19-J$5)=2,0,-1))))),"") | K75: =IF(ISNUMBER(K19),IF((K19-K$5)<=-2,8,IF((K19-K$5)=-1,4,IF((K19-K$5)=0,2,IF((K19-K$5)=1,1,IF((K19-K$5)=2,0,-1))))),"") | L75: =IF(ISNUMBER(L19),IF((L19-L$5)<=-2,8,IF((L19-L$5)=-1,4,IF((L19-L$5)=0,2,IF((L19-L$5)=1,1,IF((L19-L$5)=2,0,-1))))),"") | M75: =IF(ISNUMBER(M19),IF((M19-M$5)<=-2,8,IF((M19-M$5)=-1,4,IF((M19-M$5)=0,2,IF((M19-M$5)=1,1,IF((M19-M$5)=2,0,-1))))),"") | ... W75: =IF(ISNUMBER(W19),IF((W19-W$5)<=-2,8,IF((W19-W$5)=-1,4,IF((W19-W$5)=0,2,IF((W19-W$5)=1,1,IF((W19-W$5)=2,0,-1))))),"")
... A78: =A22 -> Mike Warenda | F78: =IF(ISNUMBER(F22),IF((F22-F$5)<=-2,8,IF((F22-F$5)=-1,4,IF((F22-F$5)=0,2,IF((F22-F$5)=1,1,IF((F22-F$5)=2,0,-1))))),"") | G78: =IF(ISNUMBER(G22),IF((G22-G$5)<=-2,8,IF((G22-G$5)=-1,4,IF((G22-G$5)=0,2,IF((G22-G$5)=1,1,IF((G22-G$5)=2,0,-1))))),"") | H78: =IF(ISNUMBER(H22),IF((H22-H$5)<=-2,8,IF((H22-H$5)=-1,4,IF((H22-H$5)=0,2,IF((H22-H$5)=1,1,IF((H22-H$5)=2,0,-1))))),"") | I78: =IF(ISNUMBER(I22),IF((I22-I$5)<=-2,8,IF((I22-I$5)=-1,4,IF((I22-I$5)=0,2,IF((I22-I$5)=1,1,IF((I22-I$5)=2,0,-1))))),"") | J78: =IF(ISNUMBER(J22),IF((J22-J$5)<=-2,8,IF((J22-J$5)=-1,4,IF((J22-J$5)=0,2,IF((J22-J$5)=1,1,IF((J22-J$5)=2,0,-1))))),"") | K78: =IF(ISNUMBER(K22),IF((K22-K$5)<=-2,8,IF((K22-K$5)=-1,4,IF((K22-K$5)=0,2,IF((K22-K$5)=1,1,IF((K22-K$5)=2,0,-1))))),"") | L78: =IF(ISNUMBER(L22),IF((L22-L$5)<=-2,8,IF((L22-L$5)=-1,4,IF((L22-L$5)=0,2,IF((L22-L$5)=1,1,IF((L22-L$5)=2,0,-1))))),"") | M78: =IF(ISNUMBER(M22),IF((M22-M$5)<=-2,8,IF((M22-M$5)=-1,4,IF((M22-M$5)=0,2,IF((M22-M$5)=1,1,IF((M22-M$5)=2,0,-1))))),"") | ... W78: =IF(ISNUMBER(W22),IF((W22-W$5)<=-2,8,IF((W22-W$5)=-1,4,IF((W22-W$5)=0,2,IF((W22-W$5)=1,1,IF((W22-W$5)=2,0,-1))))),"")
A81: Team best ball — two lowest net scores per hole
A82: Team | F82: 1 | G82: 2 | H82: 3 | I82: 4 | J82: 5 | K82: 6 | L82: 7 | M82: 8 | N82: 9 | O82: 10 | P82: 11 | Q82: 12 | R82: 13 | S82: 14 | T82: 15 | U82: 16 | V82: 17 | W82: 18 | X82: Best ball | Y82: Place | Z82: Team pts
A83: =B8 -> Team 2 | F83: =IF(COUNT(F46:F48)<2,"",SMALL(F46:F48,1)+SMALL(F46:F48,2)) | G83: =IF(COUNT(G46:G48)<2,"",SMALL(G46:G48,1)+SMALL(G46:G48,2)) | H83: =IF(COUNT(H46:H48)<2,"",SMALL(H46:H48,1)+SMALL(H46:H48,2)) | I83: =IF(COUNT(I46:I48)<2,"",SMALL(I46:I48,1)+SMALL(I46:I48,2)) | J83: =IF(COUNT(J46:J48)<2,"",SMALL(J46:J48,1)+SMALL(J46:J48,2)) | K83: =IF(COUNT(K46:K48)<2,"",SMALL(K46:K48,1)+SMALL(K46:K48,2)) | L83: =IF(COUNT(L46:L48)<2,"",SMALL(L46:L48,1)+SMALL(L46:L48,2)) | M83: =IF(COUNT(M46:M48)<2,"",SMALL(M46:M48,1)+SMALL(M46:M48,2)) | ... W83: =IF(COUNT(W46:W48)<2,"",SMALL(W46:W48,1)+SMALL(W46:W48,2)) | X83: =IF(COUNT(F83:W83)<18,"",SUM(F83:W83)) | Y83: =IF(X83="","",COUNTIF($X$83:$X$87,"<"&X83)+1) | Z83: =IF(X83="","",AVERAGE(OFFSET(Leaderboard!$B$5,Y83-1,0,COUNTIF($X$83:$X$87,X83),1)))
A84: =B11 -> Skull it and Pray | F84: =IF(COUNT(F49:F51)<2,"",SMALL(F49:F51,1)+SMALL(F49:F51,2)) | G84: =IF(COUNT(G49:G51)<2,"",SMALL(G49:G51,1)+SMALL(G49:G51,2)) | H84: =IF(COUNT(H49:H51)<2,"",SMALL(H49:H51,1)+SMALL(H49:H51,2)) | I84: =IF(COUNT(I49:I51)<2,"",SMALL(I49:I51,1)+SMALL(I49:I51,2)) | J84: =IF(COUNT(J49:J51)<2,"",SMALL(J49:J51,1)+SMALL(J49:J51,2)) | K84: =IF(COUNT(K49:K51)<2,"",SMALL(K49:K51,1)+SMALL(K49:K51,2)) | L84: =IF(COUNT(L49:L51)<2,"",SMALL(L49:L51,1)+SMALL(L49:L51,2)) | M84: =IF(COUNT(M49:M51)<2,"",SMALL(M49:M51,1)+SMALL(M49:M51,2)) | ... W84: =IF(COUNT(W49:W51)<2,"",SMALL(W49:W51,1)+SMALL(W49:W51,2)) | X84: =IF(COUNT(F84:W84)<18,"",SUM(F84:W84)) | Y84: =IF(X84="","",COUNTIF($X$83:$X$87,"<"&X84)+1) | Z84: =IF(X84="","",AVERAGE(OFFSET(Leaderboard!$B$5,Y84-1,0,COUNTIF($X$83:$X$87,X84),1)))
A85: =B14 -> Team 3 | F85: =IF(COUNT(F52:F54)<2,"",SMALL(F52:F54,1)+SMALL(F52:F54,2)) | G85: =IF(COUNT(G52:G54)<2,"",SMALL(G52:G54,1)+SMALL(G52:G54,2)) | H85: =IF(COUNT(H52:H54)<2,"",SMALL(H52:H54,1)+SMALL(H52:H54,2)) | I85: =IF(COUNT(I52:I54)<2,"",SMALL(I52:I54,1)+SMALL(I52:I54,2)) | J85: =IF(COUNT(J52:J54)<2,"",SMALL(J52:J54,1)+SMALL(J52:J54,2)) | K85: =IF(COUNT(K52:K54)<2,"",SMALL(K52:K54,1)+SMALL(K52:K54,2)) | L85: =IF(COUNT(L52:L54)<2,"",SMALL(L52:L54,1)+SMALL(L52:L54,2)) | M85: =IF(COUNT(M52:M54)<2,"",SMALL(M52:M54,1)+SMALL(M52:M54,2)) | ... W85: =IF(COUNT(W52:W54)<2,"",SMALL(W52:W54,1)+SMALL(W52:W54,2)) | X85: =IF(COUNT(F85:W85)<18,"",SUM(F85:W85)) | Y85: =IF(X85="","",COUNTIF($X$83:$X$87,"<"&X85)+1) | Z85: =IF(X85="","",AVERAGE(OFFSET(Leaderboard!$B$5,Y85-1,0,COUNTIF($X$83:$X$87,X85),1)))
A86: =B17 -> Wydom’s Woodies | F86: =IF(COUNT(F55:F57)<2,"",SMALL(F55:F57,1)+SMALL(F55:F57,2)) | G86: =IF(COUNT(G55:G57)<2,"",SMALL(G55:G57,1)+SMALL(G55:G57,2)) | H86: =IF(COUNT(H55:H57)<2,"",SMALL(H55:H57,1)+SMALL(H55:H57,2)) | I86: =IF(COUNT(I55:I57)<2,"",SMALL(I55:I57,1)+SMALL(I55:I57,2)) | J86: =IF(COUNT(J55:J57)<2,"",SMALL(J55:J57,1)+SMALL(J55:J57,2)) | K86: =IF(COUNT(K55:K57)<2,"",SMALL(K55:K57,1)+SMALL(K55:K57,2)) | L86: =IF(COUNT(L55:L57)<2,"",SMALL(L55:L57,1)+SMALL(L55:L57,2)) | M86: =IF(COUNT(M55:M57)<2,"",SMALL(M55:M57,1)+SMALL(M55:M57,2)) | ... W86: =IF(COUNT(W55:W57)<2,"",SMALL(W55:W57,1)+SMALL(W55:W57,2)) | X86: =IF(COUNT(F86:W86)<18,"",SUM(F86:W86)) | Y86: =IF(X86="","",COUNTIF($X$83:$X$87,"<"&X86)+1) | Z86: =IF(X86="","",AVERAGE(OFFSET(Leaderboard!$B$5,Y86-1,0,COUNTIF($X$83:$X$87,X86),1)))
A87: =B20 -> Putting Balls in the Hole | F87: =IF(COUNT(F58:F60)<2,"",SMALL(F58:F60,1)+SMALL(F58:F60,2)) | G87: =IF(COUNT(G58:G60)<2,"",SMALL(G58:G60,1)+SMALL(G58:G60,2)) | H87: =IF(COUNT(H58:H60)<2,"",SMALL(H58:H60,1)+SMALL(H58:H60,2)) | I87: =IF(COUNT(I58:I60)<2,"",SMALL(I58:I60,1)+SMALL(I58:I60,2)) | J87: =IF(COUNT(J58:J60)<2,"",SMALL(J58:J60,1)+SMALL(J58:J60,2)) | K87: =IF(COUNT(K58:K60)<2,"",SMALL(K58:K60,1)+SMALL(K58:K60,2)) | L87: =IF(COUNT(L58:L60)<2,"",SMALL(L58:L60,1)+SMALL(L58:L60,2)) | M87: =IF(COUNT(M58:M60)<2,"",SMALL(M58:M60,1)+SMALL(M58:M60,2)) | ... W87: =IF(COUNT(W58:W60)<2,"",SMALL(W58:W60,1)+SMALL(W58:W60,2)) | X87: =IF(COUNT(F87:W87)<18,"",SUM(F87:W87)) | Y87: =IF(X87="","",COUNTIF($X$83:$X$87,"<"&X87)+1) | Z87: =IF(X87="","",AVERAGE(OFFSET(Leaderboard!$B$5,Y87-1,0,COUNTIF($X$83:$X$87,X87),1)))
A89: A team scores once all 18 holes have at least two net scores. Ties split the points for the places they share.

Sheet R3 Nicklaus
A1: Round III · Jack Nicklaus — Scorecard
A2: Saturday, Nov 7 · Jack Nicklaus · Blue tees · par 72
E4: Hole | F4: 1 | G4: 2 | H4: 3 | I4: 4 | J4: 5 | K4: 6 | L4: 7 | M4: 8 | N4: 9 | O4: 10 | P4: 11 | Q4: 12 | R4: 13 | S4: 14 | T4: 15 | U4: 16 | V4: 17 | W4: 18
E5: Par | F5: 4 | G5: 4 | H5: 5 | I5: 4 | J5: 3 | K5: 5 | L5: 4 | M5: 3 | N5: 4 | O5: 4 | P5: 3 | Q5: 4 | R5: 4 | S5: 4 | T5: 5 | U5: 3 | V5: 4 | W5: 5 | X5: =SUM(F5:W5) -> 72
E6: Hole hcp | F6: 17 | G6: 1 | H6: 5 | I6: 3 | J6: 7 | K6: 13 | L6: 9 | M6: 15 | N6: 11 | O6: 4 | P6: 18 | Q6: 6 | R6: 10 | S6: 2 | T6: 12 | U6: 8 | V6: 14 | W6: 16
A7: Player | B7: Team | C7: Hcp | D7: Strokes | E7: Group · Tee | F7: 1 | G7: 2 | H7: 3 | I7: 4 | J7: 5 | K7: 6 | L7: 7 | M7: 8 | N7: 9 | O7: 10 | P7: 11 | Q7: 12 | R7: 13 | S7: 14 | T7: 15 | U7: 16 | V7: 17 | W7: 18 | X7: Gross | Y7: Holes | Z7: Net | AA7: Mankles pts | AB7: Mankles round | AC7: Birdies+ | AD7: Net place | AE7: Team pts
A8: =Players!$A$5 -> Frank Barta | B8: =Players!$B$5 -> Team 2 | C8: =Players!$C$5 -> 8 | D8: =Players!$D$5 -> 0 | X8: =IF(COUNT(F8:W8)=0,"",SUM(F8:W8)) | Y8: =COUNT(F8:W8) -> 0 | Z8: =IF(COUNT(F8:W8)=0,"",SUM(F46:W46)) | AA8: =IF(COUNT(F8:W8)=0,"",SUM(F64:W64)) | AB8: =IF(COUNT(F8:W8)=0,"",C8+AA8) | AC8: =COUNTIF(F64:W64,">=4") -> 0 | AD8: =IF(AF8="","",COUNTIF($AF$8:$AF$22,"<"&AF8)+1) | AE8: =IF(AF8="","",COUNTA($A$8:$A$22)+1-AD8-(COUNTIF($AF$8:$AF$22,AF8)-1)/2) | AF8: =IF(Y8=18,Z8,"")
A9: =Players!$A$6 -> Marc Wydom | B9: =Players!$B$6 -> Team 2 | C9: =Players!$C$6 -> 16 | D9: =Players!$D$6 -> 8 | X9: =IF(COUNT(F9:W9)=0,"",SUM(F9:W9)) | Y9: =COUNT(F9:W9) -> 0 | Z9: =IF(COUNT(F9:W9)=0,"",SUM(F47:W47)) | AA9: =IF(COUNT(F9:W9)=0,"",SUM(F65:W65)) | AB9: =IF(COUNT(F9:W9)=0,"",C9+AA9) | AC9: =COUNTIF(F65:W65,">=4") -> 0 | AD9: =IF(AF9="","",COUNTIF($AF$8:$AF$22,"<"&AF9)+1) | AE9: =IF(AF9="","",COUNTA($A$8:$A$22)+1-AD9-(COUNTIF($AF$8:$AF$22,AF9)-1)/2) | AF9: =IF(Y9=18,Z9,"")
A10: =Players!$A$7 -> Donnie Muller | B10: =Players!$B$7 -> Team 2 | C10: =Players!$C$7 -> 19 | D10: =Players!$D$7 -> 11 | X10: =IF(COUNT(F10:W10)=0,"",SUM(F10:W10)) | Y10: =COUNT(F10:W10) -> 0 | Z10: =IF(COUNT(F10:W10)=0,"",SUM(F48:W48)) | AA10: =IF(COUNT(F10:W10)=0,"",SUM(F66:W66)) | AB10: =IF(COUNT(F10:W10)=0,"",C10+AA10) | AC10: =COUNTIF(F66:W66,">=4") -> 0 | AD10: =IF(AF10="","",COUNTIF($AF$8:$AF$22,"<"&AF10)+1) | AE10: =IF(AF10="","",COUNTA($A$8:$A$22)+1-AD10-(COUNTIF($AF$8:$AF$22,AF10)-1)/2) | AF10: =IF(Y10=18,Z10,"")
A11: =Players!$A$8 -> Tommy Duncan | B11: =Players!$B$8 -> Skull it and Pray | C11: =Players!$C$8 -> 24 | D11: =Players!$D$8 -> 16 | X11: =IF(COUNT(F11:W11)=0,"",SUM(F11:W11)) | Y11: =COUNT(F11:W11) -> 0 | Z11: =IF(COUNT(F11:W11)=0,"",SUM(F49:W49)) | AA11: =IF(COUNT(F11:W11)=0,"",SUM(F67:W67)) | AB11: =IF(COUNT(F11:W11)=0,"",C11+AA11) | AC11: =COUNTIF(F67:W67,">=4") -> 0 | AD11: =IF(AF11="","",COUNTIF($AF$8:$AF$22,"<"&AF11)+1) | AE11: =IF(AF11="","",COUNTA($A$8:$A$22)+1-AD11-(COUNTIF($AF$8:$AF$22,AF11)-1)/2) | AF11: =IF(Y11=18,Z11,"")
A12: =Players!$A$9 -> Jason Kimbo | B12: =Players!$B$9 -> Skull it and Pray | C12: =Players!$C$9 -> 17 | D12: =Players!$D$9 -> 9 | X12: =IF(COUNT(F12:W12)=0,"",SUM(F12:W12)) | Y12: =COUNT(F12:W12) -> 0 | Z12: =IF(COUNT(F12:W12)=0,"",SUM(F50:W50)) | AA12: =IF(COUNT(F12:W12)=0,"",SUM(F68:W68)) | AB12: =IF(COUNT(F12:W12)=0,"",C12+AA12) | AC12: =COUNTIF(F68:W68,">=4") -> 0 | AD12: =IF(AF12="","",COUNTIF($AF$8:$AF$22,"<"&AF12)+1) | AE12: =IF(AF12="","",COUNTA($A$8:$A$22)+1-AD12-(COUNTIF($AF$8:$AF$22,AF12)-1)/2) | AF12: =IF(Y12=18,Z12,"")
A13: =Players!$A$10 -> Spencer Friend | B13: =Players!$B$10 -> Skull it and Pray | C13: =Players!$C$10 -> 9 | D13: =Players!$D$10 -> 1 | X13: =IF(COUNT(F13:W13)=0,"",SUM(F13:W13)) | Y13: =COUNT(F13:W13) -> 0 | Z13: =IF(COUNT(F13:W13)=0,"",SUM(F51:W51)) | AA13: =IF(COUNT(F13:W13)=0,"",SUM(F69:W69)) | AB13: =IF(COUNT(F13:W13)=0,"",C13+AA13) | AC13: =COUNTIF(F69:W69,">=4") -> 0 | AD13: =IF(AF13="","",COUNTIF($AF$8:$AF$22,"<"&AF13)+1) | AE13: =IF(AF13="","",COUNTA($A$8:$A$22)+1-AD13-(COUNTIF($AF$8:$AF$22,AF13)-1)/2) | AF13: =IF(Y13=18,Z13,"")
A14: =Players!$A$11 -> Ben Young | B14: =Players!$B$11 -> Team 3 | C14: =Players!$C$11 -> 18 | D14: =Players!$D$11 -> 10 | X14: =IF(COUNT(F14:W14)=0,"",SUM(F14:W14)) | Y14: =COUNT(F14:W14) -> 0 | Z14: =IF(COUNT(F14:W14)=0,"",SUM(F52:W52)) | AA14: =IF(COUNT(F14:W14)=0,"",SUM(F70:W70)) | AB14: =IF(COUNT(F14:W14)=0,"",C14+AA14) | AC14: =COUNTIF(F70:W70,">=4") -> 0 | AD14: =IF(AF14="","",COUNTIF($AF$8:$AF$22,"<"&AF14)+1) | AE14: =IF(AF14="","",COUNTA($A$8:$A$22)+1-AD14-(COUNTIF($AF$8:$AF$22,AF14)-1)/2) | AF14: =IF(Y14=18,Z14,"")
A15: =Players!$A$12 -> Justin Conrad | B15: =Players!$B$12 -> Team 3 | C15: =Players!$C$12 -> 30 | D15: =Players!$D$12 -> 22 | X15: =IF(COUNT(F15:W15)=0,"",SUM(F15:W15)) | Y15: =COUNT(F15:W15) -> 0 | Z15: =IF(COUNT(F15:W15)=0,"",SUM(F53:W53)) | AA15: =IF(COUNT(F15:W15)=0,"",SUM(F71:W71)) | AB15: =IF(COUNT(F15:W15)=0,"",C15+AA15) | AC15: =COUNTIF(F71:W71,">=4") -> 0 | AD15: =IF(AF15="","",COUNTIF($AF$8:$AF$22,"<"&AF15)+1) | AE15: =IF(AF15="","",COUNTA($A$8:$A$22)+1-AD15-(COUNTIF($AF$8:$AF$22,AF15)-1)/2) | AF15: =IF(Y15=18,Z15,"")
A16: =Players!$A$13 -> Shawn McMaster | B16: =Players!$B$13 -> Team 3 | C16: =Players!$C$13 -> 19 | D16: =Players!$D$13 -> 11 | X16: =IF(COUNT(F16:W16)=0,"",SUM(F16:W16)) | Y16: =COUNT(F16:W16) -> 0 | Z16: =IF(COUNT(F16:W16)=0,"",SUM(F54:W54)) | AA16: =IF(COUNT(F16:W16)=0,"",SUM(F72:W72)) | AB16: =IF(COUNT(F16:W16)=0,"",C16+AA16) | AC16: =COUNTIF(F72:W72,">=4") -> 0 | AD16: =IF(AF16="","",COUNTIF($AF$8:$AF$22,"<"&AF16)+1) | AE16: =IF(AF16="","",COUNTA($A$8:$A$22)+1-AD16-(COUNTIF($AF$8:$AF$22,AF16)-1)/2) | AF16: =IF(Y16=18,Z16,"")
A17: =Players!$A$14 -> Ian Dempsey | B17: =Players!$B$14 -> Wydom’s Woodies | C17: =Players!$C$14 -> 21 | D17: =Players!$D$14 -> 13 | X17: =IF(COUNT(F17:W17)=0,"",SUM(F17:W17)) | Y17: =COUNT(F17:W17) -> 0 | Z17: =IF(COUNT(F17:W17)=0,"",SUM(F55:W55)) | AA17: =IF(COUNT(F17:W17)=0,"",SUM(F73:W73)) | AB17: =IF(COUNT(F17:W17)=0,"",C17+AA17) | AC17: =COUNTIF(F73:W73,">=4") -> 0 | AD17: =IF(AF17="","",COUNTIF($AF$8:$AF$22,"<"&AF17)+1) | AE17: =IF(AF17="","",COUNTA($A$8:$A$22)+1-AD17-(COUNTIF($AF$8:$AF$22,AF17)-1)/2) | AF17: =IF(Y17=18,Z17,"")
A18: =Players!$A$15 -> Nick Roy | B18: =Players!$B$15 -> Wydom’s Woodies | C18: =Players!$C$15 -> 21 | D18: =Players!$D$15 -> 13 | X18: =IF(COUNT(F18:W18)=0,"",SUM(F18:W18)) | Y18: =COUNT(F18:W18) -> 0 | Z18: =IF(COUNT(F18:W18)=0,"",SUM(F56:W56)) | AA18: =IF(COUNT(F18:W18)=0,"",SUM(F74:W74)) | AB18: =IF(COUNT(F18:W18)=0,"",C18+AA18) | AC18: =COUNTIF(F74:W74,">=4") -> 0 | AD18: =IF(AF18="","",COUNTIF($AF$8:$AF$22,"<"&AF18)+1) | AE18: =IF(AF18="","",COUNTA($A$8:$A$22)+1-AD18-(COUNTIF($AF$8:$AF$22,AF18)-1)/2) | AF18: =IF(Y18=18,Z18,"")
A19: =Players!$A$16 -> Henry Holst | B19: =Players!$B$16 -> Wydom’s Woodies | C19: =Players!$C$16 -> 19 | D19: =Players!$D$16 -> 11 | X19: =IF(COUNT(F19:W19)=0,"",SUM(F19:W19)) | Y19: =COUNT(F19:W19) -> 0 | Z19: =IF(COUNT(F19:W19)=0,"",SUM(F57:W57)) | AA19: =IF(COUNT(F19:W19)=0,"",SUM(F75:W75)) | AB19: =IF(COUNT(F19:W19)=0,"",C19+AA19) | AC19: =COUNTIF(F75:W75,">=4") -> 0 | AD19: =IF(AF19="","",COUNTIF($AF$8:$AF$22,"<"&AF19)+1) | AE19: =IF(AF19="","",COUNTA($A$8:$A$22)+1-AD19-(COUNTIF($AF$8:$AF$22,AF19)-1)/2) | AF19: =IF(Y19=18,Z19,"")
A20: =Players!$A$17 -> Chad Stone | B20: =Players!$B$17 -> Putting Balls in the Hole | C20: =Players!$C$17 -> 23 | D20: =Players!$D$17 -> 15 | X20: =IF(COUNT(F20:W20)=0,"",SUM(F20:W20)) | Y20: =COUNT(F20:W20) -> 0 | Z20: =IF(COUNT(F20:W20)=0,"",SUM(F58:W58)) | AA20: =IF(COUNT(F20:W20)=0,"",SUM(F76:W76)) | AB20: =IF(COUNT(F20:W20)=0,"",C20+AA20) | AC20: =COUNTIF(F76:W76,">=4") -> 0 | AD20: =IF(AF20="","",COUNTIF($AF$8:$AF$22,"<"&AF20)+1) | AE20: =IF(AF20="","",COUNTA($A$8:$A$22)+1-AD20-(COUNTIF($AF$8:$AF$22,AF20)-1)/2) | AF20: =IF(Y20=18,Z20,"")
A21: =Players!$A$18 -> Tom Devine | B21: =Players!$B$18 -> Putting Balls in the Hole | C21: =Players!$C$18 -> 17 | D21: =Players!$D$18 -> 9 | X21: =IF(COUNT(F21:W21)=0,"",SUM(F21:W21)) | Y21: =COUNT(F21:W21) -> 0 | Z21: =IF(COUNT(F21:W21)=0,"",SUM(F59:W59)) | AA21: =IF(COUNT(F21:W21)=0,"",SUM(F77:W77)) | AB21: =IF(COUNT(F21:W21)=0,"",C21+AA21) | AC21: =COUNTIF(F77:W77,">=4") -> 0 | AD21: =IF(AF21="","",COUNTIF($AF$8:$AF$22,"<"&AF21)+1) | AE21: =IF(AF21="","",COUNTA($A$8:$A$22)+1-AD21-(COUNTIF($AF$8:$AF$22,AF21)-1)/2) | AF21: =IF(Y21=18,Z21,"")
A22: =Players!$A$19 -> Mike Warenda | B22: =Players!$B$19 -> Putting Balls in the Hole | C22: =Players!$C$19 -> 21 | D22: =Players!$D$19 -> 13 | X22: =IF(COUNT(F22:W22)=0,"",SUM(F22:W22)) | Y22: =COUNT(F22:W22) -> 0 | Z22: =IF(COUNT(F22:W22)=0,"",SUM(F60:W60)) | AA22: =IF(COUNT(F22:W22)=0,"",SUM(F78:W78)) | AB22: =IF(COUNT(F22:W22)=0,"",C22+AA22) | AC22: =COUNTIF(F78:W78,">=4") -> 0 | AD22: =IF(AF22="","",COUNTIF($AF$8:$AF$22,"<"&AF22)+1) | AE22: =IF(AF22="","",COUNTA($A$8:$A$22)+1-AD22-(COUNTIF($AF$8:$AF$22,AF22)-1)/2) | AF22: =IF(Y22=18,Z22,"")
E24: Skin winner | F24: =IF(COUNT(F46:F60)<15,"",IF(COUNTIF(F46:F60,MIN(F46:F60))>1,"tie",INDEX($A$8:$A$22,MATCH(MIN(F46:F60),F46:F60,0)))) | G24: =IF(COUNT(G46:G60)<15,"",IF(COUNTIF(G46:G60,MIN(G46:G60))>1,"tie",INDEX($A$8:$A$22,MATCH(MIN(G46:G60),G46:G60,0)))) | H24: =IF(COUNT(H46:H60)<15,"",IF(COUNTIF(H46:H60,MIN(H46:H60))>1,"tie",INDEX($A$8:$A$22,MATCH(MIN(H46:H60),H46:H60,0)))) | I24: =IF(COUNT(I46:I60)<15,"",IF(COUNTIF(I46:I60,MIN(I46:I60))>1,"tie",INDEX($A$8:$A$22,MATCH(MIN(I46:I60),I46:I60,0)))) | J24: =IF(COUNT(J46:J60)<15,"",IF(COUNTIF(J46:J60,MIN(J46:J60))>1,"tie",INDEX($A$8:$A$22,MATCH(MIN(J46:J60),J46:J60,0)))) | K24: =IF(COUNT(K46:K60)<15,"",IF(COUNTIF(K46:K60,MIN(K46:K60))>1,"tie",INDEX($A$8:$A$22,MATCH(MIN(K46:K60),K46:K60,0)))) | L24: =IF(COUNT(L46:L60)<15,"",IF(COUNTIF(L46:L60,MIN(L46:L60))>1,"tie",INDEX($A$8:$A$22,MATCH(MIN(L46:L60),L46:L60,0)))) | M24: =IF(COUNT(M46:M60)<15,"",IF(COUNTIF(M46:M60,MIN(M46:M60))>1,"tie",INDEX($A$8:$A$22,MATCH(MIN(M46:M60),M46:M60,0)))) | ... W24: =IF(COUNT(W46:W60)<15,"",IF(COUNTIF(W46:W60,MIN(W46:W60))>1,"tie",INDEX($A$8:$A$22,MATCH(MIN(W46:W60),W46:W60,0))))
E25: Skins won | F25: =COUNTIF(F24:W24,"?*")-COUNTIF(F24:W24,"tie") -> 0 | H25: $ per skin | I25: =IF(F25=0,0,Leaderboard!$B$3/F25) -> 0
A26: Round 3 team points: each player’s full-round net is ranked across the field — 1st = 15 pts down to 15th = 1 pt, ties split. Points go to the player’s team.
A27: Handicap strokes on each hole (automatic)
A28: =A8 -> Frank Barta | F28: =INT($D8/18)+IF(F$6<=MOD($D8,18),1,0) -> 0 | G28: =INT($D8/18)+IF(G$6<=MOD($D8,18),1,0) -> 0 | H28: =INT($D8/18)+IF(H$6<=MOD($D8,18),1,0) -> 0 | I28: =INT($D8/18)+IF(I$6<=MOD($D8,18),1,0) -> 0 | J28: =INT($D8/18)+IF(J$6<=MOD($D8,18),1,0) -> 0 | K28: =INT($D8/18)+IF(K$6<=MOD($D8,18),1,0) -> 0 | L28: =INT($D8/18)+IF(L$6<=MOD($D8,18),1,0) -> 0 | M28: =INT($D8/18)+IF(M$6<=MOD($D8,18),1,0) -> 0 | ... W28: =INT($D8/18)+IF(W$6<=MOD($D8,18),1,0) -> 0
A29: =A9 -> Marc Wydom | F29: =INT($D9/18)+IF(F$6<=MOD($D9,18),1,0) -> 0 | G29: =INT($D9/18)+IF(G$6<=MOD($D9,18),1,0) -> 1 | H29: =INT($D9/18)+IF(H$6<=MOD($D9,18),1,0) -> 1 | I29: =INT($D9/18)+IF(I$6<=MOD($D9,18),1,0) -> 1 | J29: =INT($D9/18)+IF(J$6<=MOD($D9,18),1,0) -> 1 | K29: =INT($D9/18)+IF(K$6<=MOD($D9,18),1,0) -> 0 | L29: =INT($D9/18)+IF(L$6<=MOD($D9,18),1,0) -> 0 | M29: =INT($D9/18)+IF(M$6<=MOD($D9,18),1,0) -> 0 | ... W29: =INT($D9/18)+IF(W$6<=MOD($D9,18),1,0) -> 0
A30: =A10 -> Donnie Muller | F30: =INT($D10/18)+IF(F$6<=MOD($D10,18),1,0) -> 0 | G30: =INT($D10/18)+IF(G$6<=MOD($D10,18),1,0) -> 1 | H30: =INT($D10/18)+IF(H$6<=MOD($D10,18),1,0) -> 1 | I30: =INT($D10/18)+IF(I$6<=MOD($D10,18),1,0) -> 1 | J30: =INT($D10/18)+IF(J$6<=MOD($D10,18),1,0) -> 1 | K30: =INT($D10/18)+IF(K$6<=MOD($D10,18),1,0) -> 0 | L30: =INT($D10/18)+IF(L$6<=MOD($D10,18),1,0) -> 1 | M30: =INT($D10/18)+IF(M$6<=MOD($D10,18),1,0) -> 0 | ... W30: =INT($D10/18)+IF(W$6<=MOD($D10,18),1,0) -> 0
A31: =A11 -> Tommy Duncan | F31: =INT($D11/18)+IF(F$6<=MOD($D11,18),1,0) -> 0 | G31: =INT($D11/18)+IF(G$6<=MOD($D11,18),1,0) -> 1 | H31: =INT($D11/18)+IF(H$6<=MOD($D11,18),1,0) -> 1 | I31: =INT($D11/18)+IF(I$6<=MOD($D11,18),1,0) -> 1 | J31: =INT($D11/18)+IF(J$6<=MOD($D11,18),1,0) -> 1 | K31: =INT($D11/18)+IF(K$6<=MOD($D11,18),1,0) -> 1 | L31: =INT($D11/18)+IF(L$6<=MOD($D11,18),1,0) -> 1 | M31: =INT($D11/18)+IF(M$6<=MOD($D11,18),1,0) -> 1 | ... W31: =INT($D11/18)+IF(W$6<=MOD($D11,18),1,0) -> 1
A32: =A12 -> Jason Kimbo | F32: =INT($D12/18)+IF(F$6<=MOD($D12,18),1,0) -> 0 | G32: =INT($D12/18)+IF(G$6<=MOD($D12,18),1,0) -> 1 | H32: =INT($D12/18)+IF(H$6<=MOD($D12,18),1,0) -> 1 | I32: =INT($D12/18)+IF(I$6<=MOD($D12,18),1,0) -> 1 | J32: =INT($D12/18)+IF(J$6<=MOD($D12,18),1,0) -> 1 | K32: =INT($D12/18)+IF(K$6<=MOD($D12,18),1,0) -> 0 | L32: =INT($D12/18)+IF(L$6<=MOD($D12,18),1,0) -> 1 | M32: =INT($D12/18)+IF(M$6<=MOD($D12,18),1,0) -> 0 | ... W32: =INT($D12/18)+IF(W$6<=MOD($D12,18),1,0) -> 0
A33: =A13 -> Spencer Friend | F33: =INT($D13/18)+IF(F$6<=MOD($D13,18),1,0) -> 0 | G33: =INT($D13/18)+IF(G$6<=MOD($D13,18),1,0) -> 1 | H33: =INT($D13/18)+IF(H$6<=MOD($D13,18),1,0) -> 0 | I33: =INT($D13/18)+IF(I$6<=MOD($D13,18),1,0) -> 0 | J33: =INT($D13/18)+IF(J$6<=MOD($D13,18),1,0) -> 0 | K33: =INT($D13/18)+IF(K$6<=MOD($D13,18),1,0) -> 0 | L33: =INT($D13/18)+IF(L$6<=MOD($D13,18),1,0) -> 0 | M33: =INT($D13/18)+IF(M$6<=MOD($D13,18),1,0) -> 0 | ... W33: =INT($D13/18)+IF(W$6<=MOD($D13,18),1,0) -> 0
A34: =A14 -> Ben Young | F34: =INT($D14/18)+IF(F$6<=MOD($D14,18),1,0) -> 0 | G34: =INT($D14/18)+IF(G$6<=MOD($D14,18),1,0) -> 1 | H34: =INT($D14/18)+IF(H$6<=MOD($D14,18),1,0) -> 1 | I34: =INT($D14/18)+IF(I$6<=MOD($D14,18),1,0) -> 1 | J34: =INT($D14/18)+IF(J$6<=MOD($D14,18),1,0) -> 1 | K34: =INT($D14/18)+IF(K$6<=MOD($D14,18),1,0) -> 0 | L34: =INT($D14/18)+IF(L$6<=MOD($D14,18),1,0) -> 1 | M34: =INT($D14/18)+IF(M$6<=MOD($D14,18),1,0) -> 0 | ... W34: =INT($D14/18)+IF(W$6<=MOD($D14,18),1,0) -> 0
A35: =A15 -> Justin Conrad | F35: =INT($D15/18)+IF(F$6<=MOD($D15,18),1,0) -> 1 | G35: =INT($D15/18)+IF(G$6<=MOD($D15,18),1,0) -> 2 | H35: =INT($D15/18)+IF(H$6<=MOD($D15,18),1,0) -> 1 | I35: =INT($D15/18)+IF(I$6<=MOD($D15,18),1,0) -> 2 | J35: =INT($D15/18)+IF(J$6<=MOD($D15,18),1,0) -> 1 | K35: =INT($D15/18)+IF(K$6<=MOD($D15,18),1,0) -> 1 | L35: =INT($D15/18)+IF(L$6<=MOD($D15,18),1,0) -> 1 | M35: =INT($D15/18)+IF(M$6<=MOD($D15,18),1,0) -> 1 | ... W35: =INT($D15/18)+IF(W$6<=MOD($D15,18),1,0) -> 1
A36: =A16 -> Shawn McMaster | F36: =INT($D16/18)+IF(F$6<=MOD($D16,18),1,0) -> 0 | G36: =INT($D16/18)+IF(G$6<=MOD($D16,18),1,0) -> 1 | H36: =INT($D16/18)+IF(H$6<=MOD($D16,18),1,0) -> 1 | I36: =INT($D16/18)+IF(I$6<=MOD($D16,18),1,0) -> 1 | J36: =INT($D16/18)+IF(J$6<=MOD($D16,18),1,0) -> 1 | K36: =INT($D16/18)+IF(K$6<=MOD($D16,18),1,0) -> 0 | L36: =INT($D16/18)+IF(L$6<=MOD($D16,18),1,0) -> 1 | M36: =INT($D16/18)+IF(M$6<=MOD($D16,18),1,0) -> 0 | ... W36: =INT($D16/18)+IF(W$6<=MOD($D16,18),1,0) -> 0
A37: =A17 -> Ian Dempsey | F37: =INT($D17/18)+IF(F$6<=MOD($D17,18),1,0) -> 0 | G37: =INT($D17/18)+IF(G$6<=MOD($D17,18),1,0) -> 1 | H37: =INT($D17/18)+IF(H$6<=MOD($D17,18),1,0) -> 1 | I37: =INT($D17/18)+IF(I$6<=MOD($D17,18),1,0) -> 1 | J37: =INT($D17/18)+IF(J$6<=MOD($D17,18),1,0) -> 1 | K37: =INT($D17/18)+IF(K$6<=MOD($D17,18),1,0) -> 1 | L37: =INT($D17/18)+IF(L$6<=MOD($D17,18),1,0) -> 1 | M37: =INT($D17/18)+IF(M$6<=MOD($D17,18),1,0) -> 0 | ... W37: =INT($D17/18)+IF(W$6<=MOD($D17,18),1,0) -> 0
A38: =A18 -> Nick Roy | F38: =INT($D18/18)+IF(F$6<=MOD($D18,18),1,0) -> 0 | G38: =INT($D18/18)+IF(G$6<=MOD($D18,18),1,0) -> 1 | H38: =INT($D18/18)+IF(H$6<=MOD($D18,18),1,0) -> 1 | I38: =INT($D18/18)+IF(I$6<=MOD($D18,18),1,0) -> 1 | J38: =INT($D18/18)+IF(J$6<=MOD($D18,18),1,0) -> 1 | K38: =INT($D18/18)+IF(K$6<=MOD($D18,18),1,0) -> 1 | L38: =INT($D18/18)+IF(L$6<=MOD($D18,18),1,0) -> 1 | M38: =INT($D18/18)+IF(M$6<=MOD($D18,18),1,0) -> 0 | ... W38: =INT($D18/18)+IF(W$6<=MOD($D18,18),1,0) -> 0
A39: =A19 -> Henry Holst | F39: =INT($D19/18)+IF(F$6<=MOD($D19,18),1,0) -> 0 | G39: =INT($D19/18)+IF(G$6<=MOD($D19,18),1,0) -> 1 | H39: =INT($D19/18)+IF(H$6<=MOD($D19,18),1,0) -> 1 | I39: =INT($D19/18)+IF(I$6<=MOD($D19,18),1,0) -> 1 | J39: =INT($D19/18)+IF(J$6<=MOD($D19,18),1,0) -> 1 | K39: =INT($D19/18)+IF(K$6<=MOD($D19,18),1,0) -> 0 | L39: =INT($D19/18)+IF(L$6<=MOD($D19,18),1,0) -> 1 | M39: =INT($D19/18)+IF(M$6<=MOD($D19,18),1,0) -> 0 | ... W39: =INT($D19/18)+IF(W$6<=MOD($D19,18),1,0) -> 0
... A42: =A22 -> Mike Warenda | F42: =INT($D22/18)+IF(F$6<=MOD($D22,18),1,0) -> 0 | G42: =INT($D22/18)+IF(G$6<=MOD($D22,18),1,0) -> 1 | H42: =INT($D22/18)+IF(H$6<=MOD($D22,18),1,0) -> 1 | I42: =INT($D22/18)+IF(I$6<=MOD($D22,18),1,0) -> 1 | J42: =INT($D22/18)+IF(J$6<=MOD($D22,18),1,0) -> 1 | K42: =INT($D22/18)+IF(K$6<=MOD($D22,18),1,0) -> 1 | L42: =INT($D22/18)+IF(L$6<=MOD($D22,18),1,0) -> 1 | M42: =INT($D22/18)+IF(M$6<=MOD($D22,18),1,0) -> 0 | ... W42: =INT($D22/18)+IF(W$6<=MOD($D22,18),1,0) -> 0
A45: Net score on each hole (gross minus strokes)
A46: =A8 -> Frank Barta | F46: =IF(ISNUMBER(F8),F8-F28,"") | G46: =IF(ISNUMBER(G8),G8-G28,"") | H46: =IF(ISNUMBER(H8),H8-H28,"") | I46: =IF(ISNUMBER(I8),I8-I28,"") | J46: =IF(ISNUMBER(J8),J8-J28,"") | K46: =IF(ISNUMBER(K8),K8-K28,"") | L46: =IF(ISNUMBER(L8),L8-L28,"") | M46: =IF(ISNUMBER(M8),M8-M28,"") | ... W46: =IF(ISNUMBER(W8),W8-W28,"")
A47: =A9 -> Marc Wydom | F47: =IF(ISNUMBER(F9),F9-F29,"") | G47: =IF(ISNUMBER(G9),G9-G29,"") | H47: =IF(ISNUMBER(H9),H9-H29,"") | I47: =IF(ISNUMBER(I9),I9-I29,"") | J47: =IF(ISNUMBER(J9),J9-J29,"") | K47: =IF(ISNUMBER(K9),K9-K29,"") | L47: =IF(ISNUMBER(L9),L9-L29,"") | M47: =IF(ISNUMBER(M9),M9-M29,"") | ... W47: =IF(ISNUMBER(W9),W9-W29,"")
A48: =A10 -> Donnie Muller | F48: =IF(ISNUMBER(F10),F10-F30,"") | G48: =IF(ISNUMBER(G10),G10-G30,"") | H48: =IF(ISNUMBER(H10),H10-H30,"") | I48: =IF(ISNUMBER(I10),I10-I30,"") | J48: =IF(ISNUMBER(J10),J10-J30,"") | K48: =IF(ISNUMBER(K10),K10-K30,"") | L48: =IF(ISNUMBER(L10),L10-L30,"") | M48: =IF(ISNUMBER(M10),M10-M30,"") | ... W48: =IF(ISNUMBER(W10),W10-W30,"")
A49: =A11 -> Tommy Duncan | F49: =IF(ISNUMBER(F11),F11-F31,"") | G49: =IF(ISNUMBER(G11),G11-G31,"") | H49: =IF(ISNUMBER(H11),H11-H31,"") | I49: =IF(ISNUMBER(I11),I11-I31,"") | J49: =IF(ISNUMBER(J11),J11-J31,"") | K49: =IF(ISNUMBER(K11),K11-K31,"") | L49: =IF(ISNUMBER(L11),L11-L31,"") | M49: =IF(ISNUMBER(M11),M11-M31,"") | ... W49: =IF(ISNUMBER(W11),W11-W31,"")
A50: =A12 -> Jason Kimbo | F50: =IF(ISNUMBER(F12),F12-F32,"") | G50: =IF(ISNUMBER(G12),G12-G32,"") | H50: =IF(ISNUMBER(H12),H12-H32,"") | I50: =IF(ISNUMBER(I12),I12-I32,"") | J50: =IF(ISNUMBER(J12),J12-J32,"") | K50: =IF(ISNUMBER(K12),K12-K32,"") | L50: =IF(ISNUMBER(L12),L12-L32,"") | M50: =IF(ISNUMBER(M12),M12-M32,"") | ... W50: =IF(ISNUMBER(W12),W12-W32,"")
A51: =A13 -> Spencer Friend | F51: =IF(ISNUMBER(F13),F13-F33,"") | G51: =IF(ISNUMBER(G13),G13-G33,"") | H51: =IF(ISNUMBER(H13),H13-H33,"") | I51: =IF(ISNUMBER(I13),I13-I33,"") | J51: =IF(ISNUMBER(J13),J13-J33,"") | K51: =IF(ISNUMBER(K13),K13-K33,"") | L51: =IF(ISNUMBER(L13),L13-L33,"") | M51: =IF(ISNUMBER(M13),M13-M33,"") | ... W51: =IF(ISNUMBER(W13),W13-W33,"")
A52: =A14 -> Ben Young | F52: =IF(ISNUMBER(F14),F14-F34,"") | G52: =IF(ISNUMBER(G14),G14-G34,"") | H52: =IF(ISNUMBER(H14),H14-H34,"") | I52: =IF(ISNUMBER(I14),I14-I34,"") | J52: =IF(ISNUMBER(J14),J14-J34,"") | K52: =IF(ISNUMBER(K14),K14-K34,"") | L52: =IF(ISNUMBER(L14),L14-L34,"") | M52: =IF(ISNUMBER(M14),M14-M34,"") | ... W52: =IF(ISNUMBER(W14),W14-W34,"")
A53: =A15 -> Justin Conrad | F53: =IF(ISNUMBER(F15),F15-F35,"") | G53: =IF(ISNUMBER(G15),G15-G35,"") | H53: =IF(ISNUMBER(H15),H15-H35,"") | I53: =IF(ISNUMBER(I15),I15-I35,"") | J53: =IF(ISNUMBER(J15),J15-J35,"") | K53: =IF(ISNUMBER(K15),K15-K35,"") | L53: =IF(ISNUMBER(L15),L15-L35,"") | M53: =IF(ISNUMBER(M15),M15-M35,"") | ... W53: =IF(ISNUMBER(W15),W15-W35,"")
A54: =A16 -> Shawn McMaster | F54: =IF(ISNUMBER(F16),F16-F36,"") | G54: =IF(ISNUMBER(G16),G16-G36,"") | H54: =IF(ISNUMBER(H16),H16-H36,"") | I54: =IF(ISNUMBER(I16),I16-I36,"") | J54: =IF(ISNUMBER(J16),J16-J36,"") | K54: =IF(ISNUMBER(K16),K16-K36,"") | L54: =IF(ISNUMBER(L16),L16-L36,"") | M54: =IF(ISNUMBER(M16),M16-M36,"") | ... W54: =IF(ISNUMBER(W16),W16-W36,"")
A55: =A17 -> Ian Dempsey | F55: =IF(ISNUMBER(F17),F17-F37,"") | G55: =IF(ISNUMBER(G17),G17-G37,"") | H55: =IF(ISNUMBER(H17),H17-H37,"") | I55: =IF(ISNUMBER(I17),I17-I37,"") | J55: =IF(ISNUMBER(J17),J17-J37,"") | K55: =IF(ISNUMBER(K17),K17-K37,"") | L55: =IF(ISNUMBER(L17),L17-L37,"") | M55: =IF(ISNUMBER(M17),M17-M37,"") | ... W55: =IF(ISNUMBER(W17),W17-W37,"")
A56: =A18 -> Nick Roy | F56: =IF(ISNUMBER(F18),F18-F38,"") | G56: =IF(ISNUMBER(G18),G18-G38,"") | H56: =IF(ISNUMBER(H18),H18-H38,"") | I56: =IF(ISNUMBER(I18),I18-I38,"") | J56: =IF(ISNUMBER(J18),J18-J38,"") | K56: =IF(ISNUMBER(K18),K18-K38,"") | L56: =IF(ISNUMBER(L18),L18-L38,"") | M56: =IF(ISNUMBER(M18),M18-M38,"") | ... W56: =IF(ISNUMBER(W18),W18-W38,"")
A57: =A19 -> Henry Holst | F57: =IF(ISNUMBER(F19),F19-F39,"") | G57: =IF(ISNUMBER(G19),G19-G39,"") | H57: =IF(ISNUMBER(H19),H19-H39,"") | I57: =IF(ISNUMBER(I19),I19-I39,"") | J57: =IF(ISNUMBER(J19),J19-J39,"") | K57: =IF(ISNUMBER(K19),K19-K39,"") | L57: =IF(ISNUMBER(L19),L19-L39,"") | M57: =IF(ISNUMBER(M19),M19-M39,"") | ... W57: =IF(ISNUMBER(W19),W19-W39,"")
... A60: =A22 -> Mike Warenda | F60: =IF(ISNUMBER(F22),F22-F42,"") | G60: =IF(ISNUMBER(G22),G22-G42,"") | H60: =IF(ISNUMBER(H22),H22-H42,"") | I60: =IF(ISNUMBER(I22),I22-I42,"") | J60: =IF(ISNUMBER(J22),J22-J42,"") | K60: =IF(ISNUMBER(K22),K22-K42,"") | L60: =IF(ISNUMBER(L22),L22-L42,"") | M60: =IF(ISNUMBER(M22),M22-M42,"") | ... W60: =IF(ISNUMBER(W22),W22-W42,"")
A63: Mankles points on each hole (gross vs par: eagle+ 8, birdie 4, par 2, bogey 1, double 0, triple+ −1)
A64: =A8 -> Frank Barta | F64: =IF(ISNUMBER(F8),IF((F8-F$5)<=-2,8,IF((F8-F$5)=-1,4,IF((F8-F$5)=0,2,IF((F8-F$5)=1,1,IF((F8-F$5)=2,0,-1))))),"") | G64: =IF(ISNUMBER(G8),IF((G8-G$5)<=-2,8,IF((G8-G$5)=-1,4,IF((G8-G$5)=0,2,IF((G8-G$5)=1,1,IF((G8-G$5)=2,0,-1))))),"") | H64: =IF(ISNUMBER(H8),IF((H8-H$5)<=-2,8,IF((H8-H$5)=-1,4,IF((H8-H$5)=0,2,IF((H8-H$5)=1,1,IF((H8-H$5)=2,0,-1))))),"") | I64: =IF(ISNUMBER(I8),IF((I8-I$5)<=-2,8,IF((I8-I$5)=-1,4,IF((I8-I$5)=0,2,IF((I8-I$5)=1,1,IF((I8-I$5)=2,0,-1))))),"") | J64: =IF(ISNUMBER(J8),IF((J8-J$5)<=-2,8,IF((J8-J$5)=-1,4,IF((J8-J$5)=0,2,IF((J8-J$5)=1,1,IF((J8-J$5)=2,0,-1))))),"") | K64: =IF(ISNUMBER(K8),IF((K8-K$5)<=-2,8,IF((K8-K$5)=-1,4,IF((K8-K$5)=0,2,IF((K8-K$5)=1,1,IF((K8-K$5)=2,0,-1))))),"") | L64: =IF(ISNUMBER(L8),IF((L8-L$5)<=-2,8,IF((L8-L$5)=-1,4,IF((L8-L$5)=0,2,IF((L8-L$5)=1,1,IF((L8-L$5)=2,0,-1))))),"") | M64: =IF(ISNUMBER(M8),IF((M8-M$5)<=-2,8,IF((M8-M$5)=-1,4,IF((M8-M$5)=0,2,IF((M8-M$5)=1,1,IF((M8-M$5)=2,0,-1))))),"") | ... W64: =IF(ISNUMBER(W8),IF((W8-W$5)<=-2,8,IF((W8-W$5)=-1,4,IF((W8-W$5)=0,2,IF((W8-W$5)=1,1,IF((W8-W$5)=2,0,-1))))),"")
A65: =A9 -> Marc Wydom | F65: =IF(ISNUMBER(F9),IF((F9-F$5)<=-2,8,IF((F9-F$5)=-1,4,IF((F9-F$5)=0,2,IF((F9-F$5)=1,1,IF((F9-F$5)=2,0,-1))))),"") | G65: =IF(ISNUMBER(G9),IF((G9-G$5)<=-2,8,IF((G9-G$5)=-1,4,IF((G9-G$5)=0,2,IF((G9-G$5)=1,1,IF((G9-G$5)=2,0,-1))))),"") | H65: =IF(ISNUMBER(H9),IF((H9-H$5)<=-2,8,IF((H9-H$5)=-1,4,IF((H9-H$5)=0,2,IF((H9-H$5)=1,1,IF((H9-H$5)=2,0,-1))))),"") | I65: =IF(ISNUMBER(I9),IF((I9-I$5)<=-2,8,IF((I9-I$5)=-1,4,IF((I9-I$5)=0,2,IF((I9-I$5)=1,1,IF((I9-I$5)=2,0,-1))))),"") | J65: =IF(ISNUMBER(J9),IF((J9-J$5)<=-2,8,IF((J9-J$5)=-1,4,IF((J9-J$5)=0,2,IF((J9-J$5)=1,1,IF((J9-J$5)=2,0,-1))))),"") | K65: =IF(ISNUMBER(K9),IF((K9-K$5)<=-2,8,IF((K9-K$5)=-1,4,IF((K9-K$5)=0,2,IF((K9-K$5)=1,1,IF((K9-K$5)=2,0,-1))))),"") | L65: =IF(ISNUMBER(L9),IF((L9-L$5)<=-2,8,IF((L9-L$5)=-1,4,IF((L9-L$5)=0,2,IF((L9-L$5)=1,1,IF((L9-L$5)=2,0,-1))))),"") | M65: =IF(ISNUMBER(M9),IF((M9-M$5)<=-2,8,IF((M9-M$5)=-1,4,IF((M9-M$5)=0,2,IF((M9-M$5)=1,1,IF((M9-M$5)=2,0,-1))))),"") | ... W65: =IF(ISNUMBER(W9),IF((W9-W$5)<=-2,8,IF((W9-W$5)=-1,4,IF((W9-W$5)=0,2,IF((W9-W$5)=1,1,IF((W9-W$5)=2,0,-1))))),"")
A66: =A10 -> Donnie Muller | F66: =IF(ISNUMBER(F10),IF((F10-F$5)<=-2,8,IF((F10-F$5)=-1,4,IF((F10-F$5)=0,2,IF((F10-F$5)=1,1,IF((F10-F$5)=2,0,-1))))),"") | G66: =IF(ISNUMBER(G10),IF((G10-G$5)<=-2,8,IF((G10-G$5)=-1,4,IF((G10-G$5)=0,2,IF((G10-G$5)=1,1,IF((G10-G$5)=2,0,-1))))),"") | H66: =IF(ISNUMBER(H10),IF((H10-H$5)<=-2,8,IF((H10-H$5)=-1,4,IF((H10-H$5)=0,2,IF((H10-H$5)=1,1,IF((H10-H$5)=2,0,-1))))),"") | I66: =IF(ISNUMBER(I10),IF((I10-I$5)<=-2,8,IF((I10-I$5)=-1,4,IF((I10-I$5)=0,2,IF((I10-I$5)=1,1,IF((I10-I$5)=2,0,-1))))),"") | J66: =IF(ISNUMBER(J10),IF((J10-J$5)<=-2,8,IF((J10-J$5)=-1,4,IF((J10-J$5)=0,2,IF((J10-J$5)=1,1,IF((J10-J$5)=2,0,-1))))),"") | K66: =IF(ISNUMBER(K10),IF((K10-K$5)<=-2,8,IF((K10-K$5)=-1,4,IF((K10-K$5)=0,2,IF((K10-K$5)=1,1,IF((K10-K$5)=2,0,-1))))),"") | L66: =IF(ISNUMBER(L10),IF((L10-L$5)<=-2,8,IF((L10-L$5)=-1,4,IF((L10-L$5)=0,2,IF((L10-L$5)=1,1,IF((L10-L$5)=2,0,-1))))),"") | M66: =IF(ISNUMBER(M10),IF((M10-M$5)<=-2,8,IF((M10-M$5)=-1,4,IF((M10-M$5)=0,2,IF((M10-M$5)=1,1,IF((M10-M$5)=2,0,-1))))),"") | ... W66: =IF(ISNUMBER(W10),IF((W10-W$5)<=-2,8,IF((W10-W$5)=-1,4,IF((W10-W$5)=0,2,IF((W10-W$5)=1,1,IF((W10-W$5)=2,0,-1))))),"")
A67: =A11 -> Tommy Duncan | F67: =IF(ISNUMBER(F11),IF((F11-F$5)<=-2,8,IF((F11-F$5)=-1,4,IF((F11-F$5)=0,2,IF((F11-F$5)=1,1,IF((F11-F$5)=2,0,-1))))),"") | G67: =IF(ISNUMBER(G11),IF((G11-G$5)<=-2,8,IF((G11-G$5)=-1,4,IF((G11-G$5)=0,2,IF((G11-G$5)=1,1,IF((G11-G$5)=2,0,-1))))),"") | H67: =IF(ISNUMBER(H11),IF((H11-H$5)<=-2,8,IF((H11-H$5)=-1,4,IF((H11-H$5)=0,2,IF((H11-H$5)=1,1,IF((H11-H$5)=2,0,-1))))),"") | I67: =IF(ISNUMBER(I11),IF((I11-I$5)<=-2,8,IF((I11-I$5)=-1,4,IF((I11-I$5)=0,2,IF((I11-I$5)=1,1,IF((I11-I$5)=2,0,-1))))),"") | J67: =IF(ISNUMBER(J11),IF((J11-J$5)<=-2,8,IF((J11-J$5)=-1,4,IF((J11-J$5)=0,2,IF((J11-J$5)=1,1,IF((J11-J$5)=2,0,-1))))),"") | K67: =IF(ISNUMBER(K11),IF((K11-K$5)<=-2,8,IF((K11-K$5)=-1,4,IF((K11-K$5)=0,2,IF((K11-K$5)=1,1,IF((K11-K$5)=2,0,-1))))),"") | L67: =IF(ISNUMBER(L11),IF((L11-L$5)<=-2,8,IF((L11-L$5)=-1,4,IF((L11-L$5)=0,2,IF((L11-L$5)=1,1,IF((L11-L$5)=2,0,-1))))),"") | M67: =IF(ISNUMBER(M11),IF((M11-M$5)<=-2,8,IF((M11-M$5)=-1,4,IF((M11-M$5)=0,2,IF((M11-M$5)=1,1,IF((M11-M$5)=2,0,-1))))),"") | ... W67: =IF(ISNUMBER(W11),IF((W11-W$5)<=-2,8,IF((W11-W$5)=-1,4,IF((W11-W$5)=0,2,IF((W11-W$5)=1,1,IF((W11-W$5)=2,0,-1))))),"")
A68: =A12 -> Jason Kimbo | F68: =IF(ISNUMBER(F12),IF((F12-F$5)<=-2,8,IF((F12-F$5)=-1,4,IF((F12-F$5)=0,2,IF((F12-F$5)=1,1,IF((F12-F$5)=2,0,-1))))),"") | G68: =IF(ISNUMBER(G12),IF((G12-G$5)<=-2,8,IF((G12-G$5)=-1,4,IF((G12-G$5)=0,2,IF((G12-G$5)=1,1,IF((G12-G$5)=2,0,-1))))),"") | H68: =IF(ISNUMBER(H12),IF((H12-H$5)<=-2,8,IF((H12-H$5)=-1,4,IF((H12-H$5)=0,2,IF((H12-H$5)=1,1,IF((H12-H$5)=2,0,-1))))),"") | I68: =IF(ISNUMBER(I12),IF((I12-I$5)<=-2,8,IF((I12-I$5)=-1,4,IF((I12-I$5)=0,2,IF((I12-I$5)=1,1,IF((I12-I$5)=2,0,-1))))),"") | J68: =IF(ISNUMBER(J12),IF((J12-J$5)<=-2,8,IF((J12-J$5)=-1,4,IF((J12-J$5)=0,2,IF((J12-J$5)=1,1,IF((J12-J$5)=2,0,-1))))),"") | K68: =IF(ISNUMBER(K12),IF((K12-K$5)<=-2,8,IF((K12-K$5)=-1,4,IF((K12-K$5)=0,2,IF((K12-K$5)=1,1,IF((K12-K$5)=2,0,-1))))),"") | L68: =IF(ISNUMBER(L12),IF((L12-L$5)<=-2,8,IF((L12-L$5)=-1,4,IF((L12-L$5)=0,2,IF((L12-L$5)=1,1,IF((L12-L$5)=2,0,-1))))),"") | M68: =IF(ISNUMBER(M12),IF((M12-M$5)<=-2,8,IF((M12-M$5)=-1,4,IF((M12-M$5)=0,2,IF((M12-M$5)=1,1,IF((M12-M$5)=2,0,-1))))),"") | ... W68: =IF(ISNUMBER(W12),IF((W12-W$5)<=-2,8,IF((W12-W$5)=-1,4,IF((W12-W$5)=0,2,IF((W12-W$5)=1,1,IF((W12-W$5)=2,0,-1))))),"")
A69: =A13 -> Spencer Friend | F69: =IF(ISNUMBER(F13),IF((F13-F$5)<=-2,8,IF((F13-F$5)=-1,4,IF((F13-F$5)=0,2,IF((F13-F$5)=1,1,IF((F13-F$5)=2,0,-1))))),"") | G69: =IF(ISNUMBER(G13),IF((G13-G$5)<=-2,8,IF((G13-G$5)=-1,4,IF((G13-G$5)=0,2,IF((G13-G$5)=1,1,IF((G13-G$5)=2,0,-1))))),"") | H69: =IF(ISNUMBER(H13),IF((H13-H$5)<=-2,8,IF((H13-H$5)=-1,4,IF((H13-H$5)=0,2,IF((H13-H$5)=1,1,IF((H13-H$5)=2,0,-1))))),"") | I69: =IF(ISNUMBER(I13),IF((I13-I$5)<=-2,8,IF((I13-I$5)=-1,4,IF((I13-I$5)=0,2,IF((I13-I$5)=1,1,IF((I13-I$5)=2,0,-1))))),"") | J69: =IF(ISNUMBER(J13),IF((J13-J$5)<=-2,8,IF((J13-J$5)=-1,4,IF((J13-J$5)=0,2,IF((J13-J$5)=1,1,IF((J13-J$5)=2,0,-1))))),"") | K69: =IF(ISNUMBER(K13),IF((K13-K$5)<=-2,8,IF((K13-K$5)=-1,4,IF((K13-K$5)=0,2,IF((K13-K$5)=1,1,IF((K13-K$5)=2,0,-1))))),"") | L69: =IF(ISNUMBER(L13),IF((L13-L$5)<=-2,8,IF((L13-L$5)=-1,4,IF((L13-L$5)=0,2,IF((L13-L$5)=1,1,IF((L13-L$5)=2,0,-1))))),"") | M69: =IF(ISNUMBER(M13),IF((M13-M$5)<=-2,8,IF((M13-M$5)=-1,4,IF((M13-M$5)=0,2,IF((M13-M$5)=1,1,IF((M13-M$5)=2,0,-1))))),"") | ... W69: =IF(ISNUMBER(W13),IF((W13-W$5)<=-2,8,IF((W13-W$5)=-1,4,IF((W13-W$5)=0,2,IF((W13-W$5)=1,1,IF((W13-W$5)=2,0,-1))))),"")
A70: =A14 -> Ben Young | F70: =IF(ISNUMBER(F14),IF((F14-F$5)<=-2,8,IF((F14-F$5)=-1,4,IF((F14-F$5)=0,2,IF((F14-F$5)=1,1,IF((F14-F$5)=2,0,-1))))),"") | G70: =IF(ISNUMBER(G14),IF((G14-G$5)<=-2,8,IF((G14-G$5)=-1,4,IF((G14-G$5)=0,2,IF((G14-G$5)=1,1,IF((G14-G$5)=2,0,-1))))),"") | H70: =IF(ISNUMBER(H14),IF((H14-H$5)<=-2,8,IF((H14-H$5)=-1,4,IF((H14-H$5)=0,2,IF((H14-H$5)=1,1,IF((H14-H$5)=2,0,-1))))),"") | I70: =IF(ISNUMBER(I14),IF((I14-I$5)<=-2,8,IF((I14-I$5)=-1,4,IF((I14-I$5)=0,2,IF((I14-I$5)=1,1,IF((I14-I$5)=2,0,-1))))),"") | J70: =IF(ISNUMBER(J14),IF((J14-J$5)<=-2,8,IF((J14-J$5)=-1,4,IF((J14-J$5)=0,2,IF((J14-J$5)=1,1,IF((J14-J$5)=2,0,-1))))),"") | K70: =IF(ISNUMBER(K14),IF((K14-K$5)<=-2,8,IF((K14-K$5)=-1,4,IF((K14-K$5)=0,2,IF((K14-K$5)=1,1,IF((K14-K$5)=2,0,-1))))),"") | L70: =IF(ISNUMBER(L14),IF((L14-L$5)<=-2,8,IF((L14-L$5)=-1,4,IF((L14-L$5)=0,2,IF((L14-L$5)=1,1,IF((L14-L$5)=2,0,-1))))),"") | M70: =IF(ISNUMBER(M14),IF((M14-M$5)<=-2,8,IF((M14-M$5)=-1,4,IF((M14-M$5)=0,2,IF((M14-M$5)=1,1,IF((M14-M$5)=2,0,-1))))),"") | ... W70: =IF(ISNUMBER(W14),IF((W14-W$5)<=-2,8,IF((W14-W$5)=-1,4,IF((W14-W$5)=0,2,IF((W14-W$5)=1,1,IF((W14-W$5)=2,0,-1))))),"")
A71: =A15 -> Justin Conrad | F71: =IF(ISNUMBER(F15),IF((F15-F$5)<=-2,8,IF((F15-F$5)=-1,4,IF((F15-F$5)=0,2,IF((F15-F$5)=1,1,IF((F15-F$5)=2,0,-1))))),"") | G71: =IF(ISNUMBER(G15),IF((G15-G$5)<=-2,8,IF((G15-G$5)=-1,4,IF((G15-G$5)=0,2,IF((G15-G$5)=1,1,IF((G15-G$5)=2,0,-1))))),"") | H71: =IF(ISNUMBER(H15),IF((H15-H$5)<=-2,8,IF((H15-H$5)=-1,4,IF((H15-H$5)=0,2,IF((H15-H$5)=1,1,IF((H15-H$5)=2,0,-1))))),"") | I71: =IF(ISNUMBER(I15),IF((I15-I$5)<=-2,8,IF((I15-I$5)=-1,4,IF((I15-I$5)=0,2,IF((I15-I$5)=1,1,IF((I15-I$5)=2,0,-1))))),"") | J71: =IF(ISNUMBER(J15),IF((J15-J$5)<=-2,8,IF((J15-J$5)=-1,4,IF((J15-J$5)=0,2,IF((J15-J$5)=1,1,IF((J15-J$5)=2,0,-1))))),"") | K71: =IF(ISNUMBER(K15),IF((K15-K$5)<=-2,8,IF((K15-K$5)=-1,4,IF((K15-K$5)=0,2,IF((K15-K$5)=1,1,IF((K15-K$5)=2,0,-1))))),"") | L71: =IF(ISNUMBER(L15),IF((L15-L$5)<=-2,8,IF((L15-L$5)=-1,4,IF((L15-L$5)=0,2,IF((L15-L$5)=1,1,IF((L15-L$5)=2,0,-1))))),"") | M71: =IF(ISNUMBER(M15),IF((M15-M$5)<=-2,8,IF((M15-M$5)=-1,4,IF((M15-M$5)=0,2,IF((M15-M$5)=1,1,IF((M15-M$5)=2,0,-1))))),"") | ... W71: =IF(ISNUMBER(W15),IF((W15-W$5)<=-2,8,IF((W15-W$5)=-1,4,IF((W15-W$5)=0,2,IF((W15-W$5)=1,1,IF((W15-W$5)=2,0,-1))))),"")
A72: =A16 -> Shawn McMaster | F72: =IF(ISNUMBER(F16),IF((F16-F$5)<=-2,8,IF((F16-F$5)=-1,4,IF((F16-F$5)=0,2,IF((F16-F$5)=1,1,IF((F16-F$5)=2,0,-1))))),"") | G72: =IF(ISNUMBER(G16),IF((G16-G$5)<=-2,8,IF((G16-G$5)=-1,4,IF((G16-G$5)=0,2,IF((G16-G$5)=1,1,IF((G16-G$5)=2,0,-1))))),"") | H72: =IF(ISNUMBER(H16),IF((H16-H$5)<=-2,8,IF((H16-H$5)=-1,4,IF((H16-H$5)=0,2,IF((H16-H$5)=1,1,IF((H16-H$5)=2,0,-1))))),"") | I72: =IF(ISNUMBER(I16),IF((I16-I$5)<=-2,8,IF((I16-I$5)=-1,4,IF((I16-I$5)=0,2,IF((I16-I$5)=1,1,IF((I16-I$5)=2,0,-1))))),"") | J72: =IF(ISNUMBER(J16),IF((J16-J$5)<=-2,8,IF((J16-J$5)=-1,4,IF((J16-J$5)=0,2,IF((J16-J$5)=1,1,IF((J16-J$5)=2,0,-1))))),"") | K72: =IF(ISNUMBER(K16),IF((K16-K$5)<=-2,8,IF((K16-K$5)=-1,4,IF((K16-K$5)=0,2,IF((K16-K$5)=1,1,IF((K16-K$5)=2,0,-1))))),"") | L72: =IF(ISNUMBER(L16),IF((L16-L$5)<=-2,8,IF((L16-L$5)=-1,4,IF((L16-L$5)=0,2,IF((L16-L$5)=1,1,IF((L16-L$5)=2,0,-1))))),"") | M72: =IF(ISNUMBER(M16),IF((M16-M$5)<=-2,8,IF((M16-M$5)=-1,4,IF((M16-M$5)=0,2,IF((M16-M$5)=1,1,IF((M16-M$5)=2,0,-1))))),"") | ... W72: =IF(ISNUMBER(W16),IF((W16-W$5)<=-2,8,IF((W16-W$5)=-1,4,IF((W16-W$5)=0,2,IF((W16-W$5)=1,1,IF((W16-W$5)=2,0,-1))))),"")
A73: =A17 -> Ian Dempsey | F73: =IF(ISNUMBER(F17),IF((F17-F$5)<=-2,8,IF((F17-F$5)=-1,4,IF((F17-F$5)=0,2,IF((F17-F$5)=1,1,IF((F17-F$5)=2,0,-1))))),"") | G73: =IF(ISNUMBER(G17),IF((G17-G$5)<=-2,8,IF((G17-G$5)=-1,4,IF((G17-G$5)=0,2,IF((G17-G$5)=1,1,IF((G17-G$5)=2,0,-1))))),"") | H73: =IF(ISNUMBER(H17),IF((H17-H$5)<=-2,8,IF((H17-H$5)=-1,4,IF((H17-H$5)=0,2,IF((H17-H$5)=1,1,IF((H17-H$5)=2,0,-1))))),"") | I73: =IF(ISNUMBER(I17),IF((I17-I$5)<=-2,8,IF((I17-I$5)=-1,4,IF((I17-I$5)=0,2,IF((I17-I$5)=1,1,IF((I17-I$5)=2,0,-1))))),"") | J73: =IF(ISNUMBER(J17),IF((J17-J$5)<=-2,8,IF((J17-J$5)=-1,4,IF((J17-J$5)=0,2,IF((J17-J$5)=1,1,IF((J17-J$5)=2,0,-1))))),"") | K73: =IF(ISNUMBER(K17),IF((K17-K$5)<=-2,8,IF((K17-K$5)=-1,4,IF((K17-K$5)=0,2,IF((K17-K$5)=1,1,IF((K17-K$5)=2,0,-1))))),"") | L73: =IF(ISNUMBER(L17),IF((L17-L$5)<=-2,8,IF((L17-L$5)=-1,4,IF((L17-L$5)=0,2,IF((L17-L$5)=1,1,IF((L17-L$5)=2,0,-1))))),"") | M73: =IF(ISNUMBER(M17),IF((M17-M$5)<=-2,8,IF((M17-M$5)=-1,4,IF((M17-M$5)=0,2,IF((M17-M$5)=1,1,IF((M17-M$5)=2,0,-1))))),"") | ... W73: =IF(ISNUMBER(W17),IF((W17-W$5)<=-2,8,IF((W17-W$5)=-1,4,IF((W17-W$5)=0,2,IF((W17-W$5)=1,1,IF((W17-W$5)=2,0,-1))))),"")
A74: =A18 -> Nick Roy | F74: =IF(ISNUMBER(F18),IF((F18-F$5)<=-2,8,IF((F18-F$5)=-1,4,IF((F18-F$5)=0,2,IF((F18-F$5)=1,1,IF((F18-F$5)=2,0,-1))))),"") | G74: =IF(ISNUMBER(G18),IF((G18-G$5)<=-2,8,IF((G18-G$5)=-1,4,IF((G18-G$5)=0,2,IF((G18-G$5)=1,1,IF((G18-G$5)=2,0,-1))))),"") | H74: =IF(ISNUMBER(H18),IF((H18-H$5)<=-2,8,IF((H18-H$5)=-1,4,IF((H18-H$5)=0,2,IF((H18-H$5)=1,1,IF((H18-H$5)=2,0,-1))))),"") | I74: =IF(ISNUMBER(I18),IF((I18-I$5)<=-2,8,IF((I18-I$5)=-1,4,IF((I18-I$5)=0,2,IF((I18-I$5)=1,1,IF((I18-I$5)=2,0,-1))))),"") | J74: =IF(ISNUMBER(J18),IF((J18-J$5)<=-2,8,IF((J18-J$5)=-1,4,IF((J18-J$5)=0,2,IF((J18-J$5)=1,1,IF((J18-J$5)=2,0,-1))))),"") | K74: =IF(ISNUMBER(K18),IF((K18-K$5)<=-2,8,IF((K18-K$5)=-1,4,IF((K18-K$5)=0,2,IF((K18-K$5)=1,1,IF((K18-K$5)=2,0,-1))))),"") | L74: =IF(ISNUMBER(L18),IF((L18-L$5)<=-2,8,IF((L18-L$5)=-1,4,IF((L18-L$5)=0,2,IF((L18-L$5)=1,1,IF((L18-L$5)=2,0,-1))))),"") | M74: =IF(ISNUMBER(M18),IF((M18-M$5)<=-2,8,IF((M18-M$5)=-1,4,IF((M18-M$5)=0,2,IF((M18-M$5)=1,1,IF((M18-M$5)=2,0,-1))))),"") | ... W74: =IF(ISNUMBER(W18),IF((W18-W$5)<=-2,8,IF((W18-W$5)=-1,4,IF((W18-W$5)=0,2,IF((W18-W$5)=1,1,IF((W18-W$5)=2,0,-1))))),"")
A75: =A19 -> Henry Holst | F75: =IF(ISNUMBER(F19),IF((F19-F$5)<=-2,8,IF((F19-F$5)=-1,4,IF((F19-F$5)=0,2,IF((F19-F$5)=1,1,IF((F19-F$5)=2,0,-1))))),"") | G75: =IF(ISNUMBER(G19),IF((G19-G$5)<=-2,8,IF((G19-G$5)=-1,4,IF((G19-G$5)=0,2,IF((G19-G$5)=1,1,IF((G19-G$5)=2,0,-1))))),"") | H75: =IF(ISNUMBER(H19),IF((H19-H$5)<=-2,8,IF((H19-H$5)=-1,4,IF((H19-H$5)=0,2,IF((H19-H$5)=1,1,IF((H19-H$5)=2,0,-1))))),"") | I75: =IF(ISNUMBER(I19),IF((I19-I$5)<=-2,8,IF((I19-I$5)=-1,4,IF((I19-I$5)=0,2,IF((I19-I$5)=1,1,IF((I19-I$5)=2,0,-1))))),"") | J75: =IF(ISNUMBER(J19),IF((J19-J$5)<=-2,8,IF((J19-J$5)=-1,4,IF((J19-J$5)=0,2,IF((J19-J$5)=1,1,IF((J19-J$5)=2,0,-1))))),"") | K75: =IF(ISNUMBER(K19),IF((K19-K$5)<=-2,8,IF((K19-K$5)=-1,4,IF((K19-K$5)=0,2,IF((K19-K$5)=1,1,IF((K19-K$5)=2,0,-1))))),"") | L75: =IF(ISNUMBER(L19),IF((L19-L$5)<=-2,8,IF((L19-L$5)=-1,4,IF((L19-L$5)=0,2,IF((L19-L$5)=1,1,IF((L19-L$5)=2,0,-1))))),"") | M75: =IF(ISNUMBER(M19),IF((M19-M$5)<=-2,8,IF((M19-M$5)=-1,4,IF((M19-M$5)=0,2,IF((M19-M$5)=1,1,IF((M19-M$5)=2,0,-1))))),"") | ... W75: =IF(ISNUMBER(W19),IF((W19-W$5)<=-2,8,IF((W19-W$5)=-1,4,IF((W19-W$5)=0,2,IF((W19-W$5)=1,1,IF((W19-W$5)=2,0,-1))))),"")
... A78: =A22 -> Mike Warenda | F78: =IF(ISNUMBER(F22),IF((F22-F$5)<=-2,8,IF((F22-F$5)=-1,4,IF((F22-F$5)=0,2,IF((F22-F$5)=1,1,IF((F22-F$5)=2,0,-1))))),"") | G78: =IF(ISNUMBER(G22),IF((G22-G$5)<=-2,8,IF((G22-G$5)=-1,4,IF((G22-G$5)=0,2,IF((G22-G$5)=1,1,IF((G22-G$5)=2,0,-1))))),"") | H78: =IF(ISNUMBER(H22),IF((H22-H$5)<=-2,8,IF((H22-H$5)=-1,4,IF((H22-H$5)=0,2,IF((H22-H$5)=1,1,IF((H22-H$5)=2,0,-1))))),"") | I78: =IF(ISNUMBER(I22),IF((I22-I$5)<=-2,8,IF((I22-I$5)=-1,4,IF((I22-I$5)=0,2,IF((I22-I$5)=1,1,IF((I22-I$5)=2,0,-1))))),"") | J78: =IF(ISNUMBER(J22),IF((J22-J$5)<=-2,8,IF((J22-J$5)=-1,4,IF((J22-J$5)=0,2,IF((J22-J$5)=1,1,IF((J22-J$5)=2,0,-1))))),"") | K78: =IF(ISNUMBER(K22),IF((K22-K$5)<=-2,8,IF((K22-K$5)=-1,4,IF((K22-K$5)=0,2,IF((K22-K$5)=1,1,IF((K22-K$5)=2,0,-1))))),"") | L78: =IF(ISNUMBER(L22),IF((L22-L$5)<=-2,8,IF((L22-L$5)=-1,4,IF((L22-L$5)=0,2,IF((L22-L$5)=1,1,IF((L22-L$5)=2,0,-1))))),"") | M78: =IF(ISNUMBER(M22),IF((M22-M$5)<=-2,8,IF((M22-M$5)=-1,4,IF((M22-M$5)=0,2,IF((M22-M$5)=1,1,IF((M22-M$5)=2,0,-1))))),"") | ... W78: =IF(ISNUMBER(W22),IF((W22-W$5)<=-2,8,IF((W22-W$5)=-1,4,IF((W22-W$5)=0,2,IF((W22-W$5)=1,1,IF((W22-W$5)=2,0,-1))))),"")

Sheet Players
A1: DW Invitational 2026 · Players & Teams
A2: Reunion Resort · Nov 4-8, 2026 · handicaps and teams copied from the dashboard
A4: Player | B4: Team | C4: Handicap | D4: Strokes (vs low man) | F4: Teams
A5: Frank Barta | B5: Team 2 | C5: 8 | D5: =MAX(0,C5-$C$21) -> 0 | F5: Team 2
A6: Marc Wydom | B6: Team 2 | C6: 16 | D6: =MAX(0,C6-$C$21) -> 8 | F6: Skull it and Pray
A7: Donnie Muller | B7: Team 2 | C7: 19 | D7: =MAX(0,C7-$C$21) -> 11 | F7: Team 3
A8: Tommy Duncan | B8: Skull it and Pray | C8: 24 | D8: =MAX(0,C8-$C$21) -> 16 | F8: Wydom’s Woodies
A9: Jason Kimbo | B9: Skull it and Pray | C9: 17 | D9: =MAX(0,C9-$C$21) -> 9 | F9: Putting Balls in the Hole
A10: Spencer Friend | B10: Skull it and Pray | C10: 9 | D10: =MAX(0,C10-$C$21) -> 1
A11: Ben Young | B11: Team 3 | C11: 18 | D11: =MAX(0,C11-$C$21) -> 10
A12: Justin Conrad | B12: Team 3 | C12: 30 | D12: =MAX(0,C12-$C$21) -> 22
A13: Shawn McMaster | B13: Team 3 | C13: 19 | D13: =MAX(0,C13-$C$21) -> 11
A14: Ian Dempsey | B14: Wydom’s Woodies | C14: 21 | D14: =MAX(0,C14-$C$21) -> 13
A15: Nick Roy | B15: Wydom’s Woodies | C15: 21 | D15: =MAX(0,C15-$C$21) -> 13
A16: Henry Holst | B16: Wydom’s Woodies | C16: 19 | D16: =MAX(0,C16-$C$21) -> 11
A17: Chad Stone | B17: Putting Balls in the Hole | C17: 23 | D17: =MAX(0,C17-$C$21) -> 15
A18: Tom Devine | B18: Putting Balls in the Hole | C18: 17 | D18: =MAX(0,C18-$C$21) -> 9
A19: Mike Warenda | B19: Putting Balls in the Hole | C19: 21 | D19: =MAX(0,C19-$C$21) -> 13
B21: Field low handicap | C21: =MIN(C5:C19) -> 8
A23: Handicaps (blue) can be edited here and every tab updates. Keep each team’s three players together in this list.
A24: Strokes = your handicap minus the field low handicap, given on the hardest holes first (hole handicap 1, 2, 3…).
